bank_code,bank_name,region,branch
12,Golden Gate Financial,Central,Hickory Lane Branch
14,Sunset Bank,West,Sycamore Drive Branch
16,Willow Creek Bank,West,Elm Street Branch
18,Ocean Breeze Savings,Coastal,Hickory Lane Branch
20,Sunset Bank,Island,Sycamore Drive Branch
22,Maple Ridge National,Midwest,Birch Lane Branch
24,Ocean Breeze Savings,West,Maple Avenue Branch
26,Ocean Breeze Savings,Central,Pine Street Branch
28,Silver Lake Investments,Coastal,Hickory Lane Branch
30,Pine Valley Credit Union,Midwest,Sycamore Drive Branch
32,Mountain View Trust,Midwest,Oak Street Branch
34,Silver Lake Investments,East,Hickory Lane Branch
36,Mountain View Trust,Island,Oak Street Branch
38,Pine Valley Credit Union,South,Oak Street Branch
40,Pine Valley Credit Union,Island,Cedar Avenue Branch
42,Mountain View Trust,East,Sycamore Drive Branch
44,Harbor City Finance,West,Hickory Lane Branch
46,Harbor City Finance,Mountain,Birch Lane Branch
48,Meadowbrook Bank,Midwest,Cedar Avenue Branch
50,Golden Gate Financial,Central,Sycamore Drive Branch
52,Sunset Bank,Midwest,Hickory Lane Branch
54,Mountain View Trust,South,Birch Lane Branch
56,Mountain View Trust,Northeast,Cedar Avenue Branch
58,Maple Ridge National,Coastal,Birch Lane Branch
60,Maple Ridge National,South,Willow Lane Branch
62,Sunset Bank,Island,Cedar Avenue Branch
64,Golden Gate Financial,Central,Main Branch
66,Mountain View Trust,Northeast,Oak Street Branch
68,Meadowbrook Bank,South,Willow Lane Branch
70,Harbor City Finance,Midwest,Pine Street Branch
72,Willow Creek Bank,Central,Maple Avenue Branch
74,Ocean Breeze Savings,Northeast,Cedar Avenue Branch
76,Silver Lake Investments,Coastal,Pine Street Branch
78,Willow Creek Bank,South,Oak Street Branch
80,Silver Lake Investments,Mountain,Willow Lane Branch
82,Meadowbrook Bank,Midwest,Elm Street Branch
84,Maple Ridge National,Island,Cedar Avenue Branch
86,Golden Gate Financial,North,Willow Lane Branch
88,Silver Lake Investments,Island,Pine Street Branch
90,Mountain View Trust,North,Sycamore Drive Branch
92,Golden Gate Financial,North,Maple Avenue Branch
94,Harbor City Finance,North,Cedar Avenue Branch
96,Pine Valley Credit Union,Mountain,Pine Street Branch
98,Ocean Breeze Savings,Island,Pine Street Branch
100,Maple Ridge National,Northeast,Oak Street Branch
102,Meadowbrook Bank,West,Willow Lane Branch
104,Ocean Breeze Savings,East,Willow Lane Branch
106,Pine Valley Credit Union,Island,Elm Street Branch
108,Sunset Bank,Northeast,Hickory Lane Branch
110,Harbor City Finance,West,Birch Lane Branch
112,Sunset Bank,East,Willow Lane Branch
114,Willow Creek Bank,Northeast,Maple Avenue Branch
116,Silver Lake Investments,North,Pine Street Branch
118,Meadowbrook Bank,Island,Birch Lane Branch
120,Maple Ridge National,East,Maple Avenue Branch
122,Silver Lake Investments,East,Maple Avenue Branch
124,Willow Creek Bank,Midwest,Sycamore Drive Branch
126,Meadowbrook Bank,Mountain,Pine Street Branch
128,Mountain View Trust,Coastal,Cedar Avenue Branch
130,Ocean Breeze Savings,Central,Willow Lane Branch
132,Meadowbrook Bank,South,Oak Street Branch
134,Mountain View Trust,Mountain,Oak Street Branch
136,Mountain View Trust,Northeast,Cedar Avenue Branch
138,Sunset Bank,South,Main Branch
140,Golden Gate Financial,East,Oak Street Branch
142,Golden Gate Financial,West,Main Branch
144,Golden Gate Financial,North,Hickory Lane Branch
146,Sunset Bank,Coastal,Willow Lane Branch
148,Meadowbrook Bank,Coastal,Willow Lane Branch
150,Golden Gate Financial,South,Sycamore Drive Branch
152,Silver Lake Investments,Northeast,Maple Avenue Branch
154,Silver Lake Investments,Central,Cedar Avenue Branch
156,Ocean Breeze Savings,Northeast,Main Branch
158,Silver Lake Investments,Northeast,Willow Lane Branch
160,Sunset Bank,North,Hickory Lane Branch
162,Ocean Breeze Savings,Northeast,Elm Street Branch
164,Ocean Breeze Savings,Northeast,Elm Street Branch
166,Harbor City Finance,Central,Cedar Avenue Branch
168,Silver Lake Investments,South,Elm Street Branch
170,Pine Valley Credit Union,South,Sycamore Drive Branch
172,Mountain View Trust,Midwest,Willow Lane Branch
174,Willow Creek Bank,South,Cedar Avenue Branch
176,Harbor City Finance,West,Hickory Lane Branch
178,Ocean Breeze Savings,West,Maple Avenue Branch
180,Ocean Breeze Savings,Mountain,Willow Lane Branch
182,Silver Lake Investments,Coastal,Cedar Avenue Branch
184,Pine Valley Credit Union,East,Cedar Avenue Branch
186,Sunset Bank,Midwest,Willow Lane Branch
188,Sunset Bank,North,Birch Lane Branch
190,Silver Lake Investments,Northeast,Pine Street Branch
192,Ocean Breeze Savings,Mountain,Birch Lane Branch
194,Ocean Breeze Savings,North,Willow Lane Branch
196,Silver Lake Investments,Midwest,Pine Street Branch
198,Sunset Bank,Coastal,Sycamore Drive Branch
200,Ocean Breeze Savings,South,Maple Avenue Branch
202,Harbor City Finance,West,Maple Avenue Branch
204,Ocean Breeze Savings,Coastal,Elm Street Branch
206,Meadowbrook Bank,Central,Maple Avenue Branch
208,Harbor City Finance,Midwest,Pine Street Branch
210,Willow Creek Bank,Island,Sycamore Drive Branch
212,Maple Ridge National,Island,Main Branch
214,Harbor City Finance,Coastal,Pine Street Branch
216,Willow Creek Bank,South,Birch Lane Branch
218,Harbor City Finance,North,Maple Avenue Branch
220,Ocean Breeze Savings,West,Willow Lane Branch
222,Mountain View Trust,East,Willow Lane Branch
224,Mountain View Trust,Midwest,Hickory Lane Branch
226,Harbor City Finance,Island,Main Branch
228,Silver Lake Investments,Northeast,Sycamore Drive Branch
230,Silver Lake Investments,Island,Sycamore Drive Branch
232,Maple Ridge National,Mountain,Birch Lane Branch
234,Ocean Breeze Savings,South,Oak Street Branch
236,Ocean Breeze Savings,Island,Elm Street Branch
238,Sunset Bank,West,Hickory Lane Branch
240,Silver Lake Investments,South,Cedar Avenue Branch
242,Willow Creek Bank,Island,Sycamore Drive Branch
244,Silver Lake Investments,Central,Maple Avenue Branch
246,Sunset Bank,Island,Pine Street Branch
248,Harbor City Finance,Coastal,Pine Street Branch
250,Willow Creek Bank,Coastal,Pine Street Branch
252,Golden Gate Financial,West,Oak Street Branch
254,Meadowbrook Bank,Northeast,Cedar Avenue Branch
256,Willow Creek Bank,South,Cedar Avenue Branch
258,Mountain View Trust,Northeast,Birch Lane Branch
260,Harbor City Finance,Midwest,Cedar Avenue Branch
262,Willow Creek Bank,Central,Sycamore Drive Branch
264,Ocean Breeze Savings,Northeast,Oak Street Branch
266,Pine Valley Credit Union,West,Hickory Lane Branch
268,Pine Valley Credit Union,Mountain,Main Branch
270,Ocean Breeze Savings,Island,Birch Lane Branch
272,Meadowbrook Bank,North,Main Branch
274,Ocean Breeze Savings,East,Cedar Avenue Branch
276,Ocean Breeze Savings,West,Hickory Lane Branch
278,Sunset Bank,West,Main Branch
280,Maple Ridge National,Coastal,Willow Lane Branch
282,Golden Gate Financial,East,Maple Avenue Branch
284,Golden Gate Financial,Northeast,Pine Street Branch
286,Meadowbrook Bank,Midwest,Maple Avenue Branch
288,Harbor City Finance,Island,Pine Street Branch
290,Pine Valley Credit Union,West,Hickory Lane Branch
292,Pine Valley Credit Union,Midwest,Willow Lane Branch
294,Maple Ridge National,Mountain,Oak Street Branch
296,Willow Creek Bank,West,Maple Avenue Branch
298,Meadowbrook Bank,North,Birch Lane Branch
300,Willow Creek Bank,East,Maple Avenue Branch
302,Ocean Breeze Savings,Midwest,Main Branch
304,Pine Valley Credit Union,East,Oak Street Branch
306,Pine Valley Credit Union,Northeast,Cedar Avenue Branch
308,Meadowbrook Bank,West,Main Branch
310,Ocean Breeze Savings,North,Cedar Avenue Branch
312,Harbor City Finance,West,Cedar Avenue Branch
314,Sunset Bank,Mountain,Elm Street Branch
316,Harbor City Finance,Mountain,Cedar Avenue Branch
318,Maple Ridge National,Mountain,Cedar Avenue Branch
320,Maple Ridge National,Island,Oak Street Branch
322,Maple Ridge National,West,Elm Street Branch
324,Silver Lake Investments,Coastal,Willow Lane Branch
326,Maple Ridge National,East,Pine Street Branch
328,Silver Lake Investments,Coastal,Sycamore Drive Branch
330,Ocean Breeze Savings,Midwest,Cedar Avenue Branch
332,Silver Lake Investments,East,Cedar Avenue Branch
334,Maple Ridge National,Mountain,Oak Street Branch
336,Silver Lake Investments,Mountain,Main Branch
338,Meadowbrook Bank,South,Cedar Avenue Branch
340,Mountain View Trust,Mountain,Elm Street Branch
342,Ocean Breeze Savings,West,Maple Avenue Branch
344,Sunset Bank,South,Cedar Avenue Branch
346,Pine Valley Credit Union,Northeast,Main Branch
348,Willow Creek Bank,Midwest,Willow Lane Branch
350,Pine Valley Credit Union,Mountain,Main Branch
352,Sunset Bank,Island,Maple Avenue Branch
354,Meadowbrook Bank,Northeast,Elm Street Branch
356,Pine Valley Credit Union,Midwest,Maple Avenue Branch
358,Willow Creek Bank,Northeast,Maple Avenue Branch
360,Maple Ridge National,North,Sycamore Drive Branch
362,Golden Gate Financial,North,Birch Lane Branch
364,Meadowbrook Bank,Northeast,Maple Avenue Branch
366,Silver Lake Investments,Midwest,Willow Lane Branch
368,Meadowbrook Bank,South,Pine Street Branch
370,Silver Lake Investments,East,Main Branch
372,Pine Valley Credit Union,North,Maple Avenue Branch
374,Pine Valley Credit Union,Mountain,Pine Street Branch
376,Pine Valley Credit Union,Northeast,Maple Avenue Branch
378,Pine Valley Credit Union,Island,Main Branch
380,Silver Lake Investments,East,Sycamore Drive Branch
382,Meadowbrook Bank,Island,Maple Avenue Branch
384,Meadowbrook Bank,Mountain,Birch Lane Branch
386,Maple Ridge National,South,Willow Lane Branch
388,Maple Ridge National,Mountain,Oak Street Branch
390,Harbor City Finance,South,Birch Lane Branch
392,Sunset Bank,Mountain,Willow Lane Branch
394,Sunset Bank,Mountain,Oak Street Branch
396,Maple Ridge National,Coastal,Hickory Lane Branch
398,Meadowbrook Bank,North,Maple Avenue Branch
400,Pine Valley Credit Union,Central,Pine Street Branch
402,Sunset Bank,East,Maple Avenue Branch
404,Mountain View Trust,East,Main Branch
406,Sunset Bank,Midwest,Cedar Avenue Branch
408,Maple Ridge National,Northeast,Main Branch
410,Maple Ridge National,Central,Cedar Avenue Branch
412,Golden Gate Financial,South,Cedar Avenue Branch
414,Harbor City Finance,East,Maple Avenue Branch
416,Ocean Breeze Savings,Coastal,Maple Avenue Branch
418,Ocean Breeze Savings,West,Pine Street Branch
420,Mountain View Trust,Coastal,Cedar Avenue Branch
422,Harbor City Finance,East,Oak Street Branch
424,Pine Valley Credit Union,Northeast,Main Branch
426,Sunset Bank,South,Hickory Lane Branch
428,Golden Gate Financial,Island,Sycamore Drive Branch
430,Sunset Bank,North,Oak Street Branch
432,Sunset Bank,Mountain,Maple Avenue Branch
434,Golden Gate Financial,Midwest,Birch Lane Branch
436,Pine Valley Credit Union,West,Sycamore Drive Branch
438,Meadowbrook Bank,Mountain,Sycamore Drive Branch
440,Silver Lake Investments,South,Elm Street Branch
442,Golden Gate Financial,Central,Pine Street Branch
444,Willow Creek Bank,Coastal,Elm Street Branch
446,Willow Creek Bank,Central,Sycamore Drive Branch
448,Willow Creek Bank,East,Main Branch
450,Willow Creek Bank,West,Cedar Avenue Branch
452,Silver Lake Investments,South,Birch Lane Branch
454,Golden Gate Financial,Mountain,Elm Street Branch
456,Silver Lake Investments,Island,Elm Street Branch
458,Maple Ridge National,Mountain,Maple Avenue Branch
460,Golden Gate Financial,Midwest,Birch Lane Branch
462,Pine Valley Credit Union,North,Sycamore Drive Branch
464,Pine Valley Credit Union,Island,Main Branch
466,Maple Ridge National,Island,Elm Street Branch
468,Meadowbrook Bank,Coastal,Elm Street Branch
470,Willow Creek Bank,Island,Oak Street Branch
472,Maple Ridge National,Island,Hickory Lane Branch
474,Golden Gate Financial,Central,Birch Lane Branch
476,Meadowbrook Bank,West,Elm Street Branch
478,Golden Gate Financial,North,Sycamore Drive Branch
480,Willow Creek Bank,Coastal,Willow Lane Branch
482,Meadowbrook Bank,Mountain,Oak Street Branch
484,Meadowbrook Bank,North,Cedar Avenue Branch
486,Meadowbrook Bank,Island,Oak Street Branch
488,Meadowbrook Bank,Northeast,Willow Lane Branch
490,Mountain View Trust,Island,Hickory Lane Branch
492,Meadowbrook Bank,Midwest,Willow Lane Branch
494,Maple Ridge National,Coastal,Hickory Lane Branch
496,Mountain View Trust,Coastal,Sycamore Drive Branch
498,Willow Creek Bank,Midwest,Pine Street Branch
500,Maple Ridge National,Northeast,Birch Lane Branch
502,Harbor City Finance,Coastal,Willow Lane Branch
504,Golden Gate Financial,North,Maple Avenue Branch
506,Golden Gate Financial,Mountain,Sycamore Drive Branch
508,Sunset Bank,South,Hickory Lane Branch
510,Harbor City Finance,East,Maple Avenue Branch
512,Silver Lake Investments,Mountain,Sycamore Drive Branch
514,Maple Ridge National,West,Main Branch
516,Silver Lake Investments,Coastal,Birch Lane Branch
518,Sunset Bank,Mountain,Oak Street Branch
520,Meadowbrook Bank,Coastal,Birch Lane Branch
522,Meadowbrook Bank,East,Pine Street Branch
524,Maple Ridge National,Island,Oak Street Branch
526,Pine Valley Credit Union,Central,Birch Lane Branch
528,Ocean Breeze Savings,Northeast,Main Branch
530,Willow Creek Bank,East,Oak Street Branch
532,Pine Valley Credit Union,Mountain,Maple Avenue Branch
534,Ocean Breeze Savings,Coastal,Maple Avenue Branch
536,Silver Lake Investments,Island,Willow Lane Branch
538,Ocean Breeze Savings,Coastal,Birch Lane Branch
540,Meadowbrook Bank,Coastal,Sycamore Drive Branch
542,Maple Ridge National,Central,Birch Lane Branch
544,Meadowbrook Bank,South,Birch Lane Branch
546,Maple Ridge National,Island,Birch Lane Branch
548,Pine Valley Credit Union,North,Cedar Avenue Branch
550,Pine Valley Credit Union,Central,Oak Street Branch
552,Mountain View Trust,South,Hickory Lane Branch
554,Pine Valley Credit Union,Island,Main Branch
556,Sunset Bank,South,Oak Street Branch
558,Maple Ridge National,East,Pine Street Branch
560,Sunset Bank,Mountain,Birch Lane Branch
562,Harbor City Finance,North,Sycamore Drive Branch
564,Sunset Bank,Central,Cedar Avenue Branch
566,Silver Lake Investments,Coastal,Maple Avenue Branch
568,Pine Valley Credit Union,South,Sycamore Drive Branch
570,Sunset Bank,Central,Hickory Lane Branch
572,Maple Ridge National,North,Oak Street Branch
574,Maple Ridge National,East,Maple Avenue Branch
576,Meadowbrook Bank,Midwest,Hickory Lane Branch
578,Silver Lake Investments,Coastal,Elm Street Branch
580,Golden Gate Financial,North,Oak Street Branch
582,Maple Ridge National,East,Main Branch
584,Sunset Bank,Mountain,Cedar Avenue Branch
586,Silver Lake Investments,Northeast,Oak Street Branch
588,Mountain View Trust,West,Maple Avenue Branch
590,Pine Valley Credit Union,Coastal,Willow Lane Branch
592,Harbor City Finance,Coastal,Pine Street Branch
594,Harbor City Finance,East,Cedar Avenue Branch
596,Willow Creek Bank,Coastal,Main Branch
598,Golden Gate Financial,Island,Hickory Lane Branch
600,Mountain View Trust,Northeast,Main Branch
602,Silver Lake Investments,Coastal,Pine Street Branch
604,Ocean Breeze Savings,Northeast,Sycamore Drive Branch
606,Maple Ridge National,Northeast,Birch Lane Branch
608,Ocean Breeze Savings,South,Main Branch
610,Pine Valley Credit Union,Northeast,Birch Lane Branch
612,Golden Gate Financial,Island,Main Branch
614,Mountain View Trust,North,Sycamore Drive Branch
616,Ocean Breeze Savings,Midwest,Elm Street Branch
618,Pine Valley Credit Union,Mountain,Elm Street Branch
620,Golden Gate Financial,East,Cedar Avenue Branch
622,Harbor City Finance,Mountain,Willow Lane Branch
624,Silver Lake Investments,East,Pine Street Branch
626,Silver Lake Investments,North,Elm Street Branch
628,Golden Gate Financial,West,Elm Street Branch
630,Ocean Breeze Savings,North,Birch Lane Branch
632,Mountain View Trust,North,Oak Street Branch
634,Ocean Breeze Savings,Northeast,Birch Lane Branch
636,Willow Creek Bank,South,Oak Street Branch
638,Pine Valley Credit Union,Central,Pine Street Branch
640,Maple Ridge National,Coastal,Hickory Lane Branch
642,Harbor City Finance,Island,Maple Avenue Branch
644,Golden Gate Financial,North,Willow Lane Branch
646,Ocean Breeze Savings,Mountain,Willow Lane Branch
648,Meadowbrook Bank,Northeast,Maple Avenue Branch
650,Meadowbrook Bank,Northeast,Hickory Lane Branch
652,Silver Lake Investments,South,Maple Avenue Branch
654,Meadowbrook Bank,Midwest,Cedar Avenue Branch
656,Silver Lake Investments,Midwest,Oak Street Branch
658,Sunset Bank,North,Pine Street Branch
660,Ocean Breeze Savings,Midwest,Birch Lane Branch
662,Pine Valley Credit Union,West,Cedar Avenue Branch
664,Maple Ridge National,Island,Sycamore Drive Branch
666,Harbor City Finance,North,Cedar Avenue Branch
668,Maple Ridge National,Northeast,Sycamore Drive Branch
670,Sunset Bank,South,Hickory Lane Branch
672,Pine Valley Credit Union,Island,Oak Street Branch
674,Meadowbrook Bank,South,Maple Avenue Branch
676,Ocean Breeze Savings,West,Birch Lane Branch
678,Harbor City Finance,Island,Birch Lane Branch
680,Harbor City Finance,West,Sycamore Drive Branch
682,Maple Ridge National,Central,Hickory Lane Branch
684,Ocean Breeze Savings,East,Oak Street Branch
686,Meadowbrook Bank,North,Elm Street Branch
688,Pine Valley Credit Union,Northeast,Hickory Lane Branch
690,Meadowbrook Bank,Midwest,Sycamore Drive Branch
692,Willow Creek Bank,Northeast,Willow Lane Branch
694,Sunset Bank,Coastal,Cedar Avenue Branch
696,Golden Gate Financial,Coastal,Oak Street Branch
698,Sunset Bank,Central,Maple Avenue Branch
700,Pine Valley Credit Union,Central,Maple Avenue Branch
702,Golden Gate Financial,East,Pine Street Branch
704,Meadowbrook Bank,South,Birch Lane Branch
706,Harbor City Finance,Midwest,Elm Street Branch
708,Mountain View Trust,South,Elm Street Branch
710,Sunset Bank,Central,Sycamore Drive Branch
712,Harbor City Finance,Central,Elm Street Branch
714,Sunset Bank,Northeast,Maple Avenue Branch
716,Golden Gate Financial,Mountain,Sycamore Drive Branch
718,Mountain View Trust,South,Pine Street Branch
720,Mountain View Trust,Northeast,Sycamore Drive Branch
722,Pine Valley Credit Union,North,Hickory Lane Branch
724,Pine Valley Credit Union,Island,Sycamore Drive Branch
726,Sunset Bank,West,Willow Lane Branch
728,Sunset Bank,Northeast,Pine Street Branch
730,Pine Valley Credit Union,Central,Cedar Avenue Branch
732,Silver Lake Investments,East,Oak Street Branch
734,Willow Creek Bank,Mountain,Pine Street Branch
736,Harbor City Finance,South,Sycamore Drive Branch
738,Ocean Breeze Savings,Island,Birch Lane Branch
740,Sunset Bank,Midwest,Elm Street Branch
742,Ocean Breeze Savings,Island,Maple Avenue Branch
744,Harbor City Finance,Central,Birch Lane Branch
746,Ocean Breeze Savings,Northeast,Willow Lane Branch
748,Silver Lake Investments,Central,Main Branch
750,Harbor City Finance,East,Cedar Avenue Branch
752,Mountain View Trust,East,Willow Lane Branch
754,Willow Creek Bank,Central,Pine Street Branch
756,Harbor City Finance,East,Pine Street Branch
758,Maple Ridge National,West,Hickory Lane Branch
760,Mountain View Trust,Northeast,Cedar Avenue Branch
762,Meadowbrook Bank,North,Maple Avenue Branch
764,Maple Ridge National,Central,Maple Avenue Branch
766,Harbor City Finance,South,Elm Street Branch
768,Meadowbrook Bank,West,Elm Street Branch
770,Meadowbrook Bank,West,Cedar Avenue Branch
772,Meadowbrook Bank,South,Hickory Lane Branch
774,Pine Valley Credit Union,Central,Oak Street Branch
776,Pine Valley Credit Union,South,Oak Street Branch
778,Willow Creek Bank,Northeast,Elm Street Branch
780,Harbor City Finance,Mountain,Birch Lane Branch
782,Pine Valley Credit Union,Mountain,Hickory Lane Branch
784,Sunset Bank,Midwest,Hickory Lane Branch
786,Willow Creek Bank,North,Hickory Lane Branch
788,Meadowbrook Bank,Central,Birch Lane Branch
790,Pine Valley Credit Union,West,Pine Street Branch
792,Golden Gate Financial,Central,Cedar Avenue Branch
794,Maple Ridge National,North,Hickory Lane Branch
796,Meadowbrook Bank,West,Main Branch
798,Meadowbrook Bank,Island,Oak Street Branch
800,Willow Creek Bank,South,Willow Lane Branch
802,Maple Ridge National,South,Oak Street Branch
804,Pine Valley Credit Union,East,Oak Street Branch
806,Meadowbrook Bank,South,Birch Lane Branch
808,Maple Ridge National,Mountain,Willow Lane Branch
810,Willow Creek Bank,South,Willow Lane Branch
812,Meadowbrook Bank,West,Main Branch
814,Harbor City Finance,East,Maple Avenue Branch
816,Harbor City Finance,South,Elm Street Branch
818,Willow Creek Bank,West,Oak Street Branch
820,Ocean Breeze Savings,Island,Maple Avenue Branch
822,Meadowbrook Bank,Northeast,Willow Lane Branch
824,Maple Ridge National,Northeast,Birch Lane Branch
826,Harbor City Finance,West,Maple Avenue Branch
828,Sunset Bank,Central,Cedar Avenue Branch
830,Harbor City Finance,Midwest,Willow Lane Branch
832,Maple Ridge National,West,Hickory Lane Branch
834,Maple Ridge National,Island,Main Branch
836,Golden Gate Financial,Midwest,Sycamore Drive Branch
838,Pine Valley Credit Union,Mountain,Pine Street Branch
840,Ocean Breeze Savings,North,Elm Street Branch
842,Silver Lake Investments,West,Sycamore Drive Branch
844,Meadowbrook Bank,Central,Birch Lane Branch
846,Ocean Breeze Savings,Mountain,Pine Street Branch
848,Pine Valley Credit Union,South,Main Branch
850,Harbor City Finance,Mountain,Oak Street Branch
852,Silver Lake Investments,North,Willow Lane Branch
854,Sunset Bank,Coastal,Hickory Lane Branch
856,Sunset Bank,Northeast,Oak Street Branch
858,Maple Ridge National,South,Cedar Avenue Branch
860,Harbor City Finance,Island,Elm Street Branch
862,Meadowbrook Bank,West,Cedar Avenue Branch
864,Silver Lake Investments,Coastal,Birch Lane Branch
866,Harbor City Finance,West,Willow Lane Branch
868,Ocean Breeze Savings,South,Pine Street Branch
870,Ocean Breeze Savings,Central,Sycamore Drive Branch
872,Meadowbrook Bank,Island,Birch Lane Branch
874,Maple Ridge National,South,Main Branch
876,Harbor City Finance,Mountain,Elm Street Branch
878,Pine Valley Credit Union,Mountain,Hickory Lane Branch
880,Maple Ridge National,Midwest,Elm Street Branch
882,Maple Ridge National,South,Hickory Lane Branch
884,Ocean Breeze Savings,Northeast,Birch Lane Branch
886,Ocean Breeze Savings,Northeast,Willow Lane Branch
888,Meadowbrook Bank,Mountain,Willow Lane Branch
890,Silver Lake Investments,Mountain,Elm Street Branch
892,Sunset Bank,Island,Oak Street Branch
894,Pine Valley Credit Union,Island,Cedar Avenue Branch
896,Meadowbrook Bank,Island,Hickory Lane Branch
898,Ocean Breeze Savings,Coastal,Elm Street Branch
900,Pine Valley Credit Union,East,Maple Avenue Branch
902,Sunset Bank,Central,Willow Lane Branch
904,Sunset Bank,Midwest,Birch Lane Branch
906,Sunset Bank,South,Birch Lane Branch
908,Ocean Breeze Savings,Island,Oak Street Branch
910,Harbor City Finance,Island,Maple Avenue Branch
912,Golden Gate Financial,North,Elm Street Branch
914,Mountain View Trust,West,Pine Street Branch
916,Harbor City Finance,South,Main Branch
918,Sunset Bank,Island,Hickory Lane Branch
920,Golden Gate Financial,East,Hickory Lane Branch
922,Maple Ridge National,North,Elm Street Branch
924,Silver Lake Investments,South,Main Branch
926,Ocean Breeze Savings,West,Oak Street Branch
928,Golden Gate Financial,West,Elm Street Branch
930,Willow Creek Bank,Island,Cedar Avenue Branch
932,Sunset Bank,Central,Cedar Avenue Branch
934,Willow Creek Bank,Midwest,Cedar Avenue Branch
936,Silver Lake Investments,East,Main Branch
938,Maple Ridge National,South,Main Branch
940,Sunset Bank,Northeast,Birch Lane Branch
942,Silver Lake Investments,Northeast,Main Branch
944,Harbor City Finance,Central,Oak Street Branch
946,Silver Lake Investments,East,Main Branch
948,Ocean Breeze Savings,Central,Oak Street Branch
950,Silver Lake Investments,Midwest,Pine Street Branch
952,Sunset Bank,Midwest,Birch Lane Branch
954,Pine Valley Credit Union,Island,Birch Lane Branch
956,Pine Valley Credit Union,Midwest,Hickory Lane Branch
958,Maple Ridge National,Mountain,Cedar Avenue Branch
960,Maple Ridge National,Coastal,Cedar Avenue Branch
962,Maple Ridge National,Central,Oak Street Branch
964,Silver Lake Investments,Island,Willow Lane Branch
966,Harbor City Finance,West,Birch Lane Branch
968,Mountain View Trust,Coastal,Elm Street Branch
970,Golden Gate Financial,Mountain,Main Branch
972,Meadowbrook Bank,West,Cedar Avenue Branch
974,Meadowbrook Bank,Central,Birch Lane Branch
976,Golden Gate Financial,Mountain,Cedar Avenue Branch
978,Harbor City Finance,North,Willow Lane Branch
980,Meadowbrook Bank,East,Hickory Lane Branch
982,Maple Ridge National,East,Cedar Avenue Branch
984,Meadowbrook Bank,Northeast,Hickory Lane Branch
986,Golden Gate Financial,Northeast,Main Branch
988,Meadowbrook Bank,Coastal,Hickory Lane Branch
990,Maple Ridge National,Mountain,Cedar Avenue Branch
992,Ocean Breeze Savings,East,Sycamore Drive Branch
994,Meadowbrook Bank,West,Hickory Lane Branch
996,Willow Creek Bank,East,Maple Avenue Branch
998,Pine Valley Credit Union,Midwest,Pine Street Branch
1000,Maple Ridge National,Coastal,Maple Avenue Branch
1002,Harbor City Finance,North,Cedar Avenue Branch
1004,Ocean Breeze Savings,East,Birch Lane Branch
1006,Mountain View Trust,South,Oak Street Branch
1008,Maple Ridge National,Central,Maple Avenue Branch
1010,Willow Creek Bank,Coastal,Sycamore Drive Branch
1012,Pine Valley Credit Union,South,Sycamore Drive Branch
1014,Pine Valley Credit Union,Midwest,Main Branch
1016,Meadowbrook Bank,North,Maple Avenue Branch
1018,Willow Creek Bank,North,Elm Street Branch
1020,Golden Gate Financial,Northeast,Willow Lane Branch
1022,Silver Lake Investments,East,Pine Street Branch
1024,Harbor City Finance,East,Cedar Avenue Branch
1026,Willow Creek Bank,West,Cedar Avenue Branch
1028,Willow Creek Bank,Midwest,Maple Avenue Branch
1030,Sunset Bank,Coastal,Hickory Lane Branch
1032,Willow Creek Bank,West,Maple Avenue Branch
1034,Maple Ridge National,Northeast,Elm Street Branch
1036,Mountain View Trust,North,Elm Street Branch
1038,Willow Creek Bank,Mountain,Main Branch
1040,Silver Lake Investments,South,Maple Avenue Branch
1042,Willow Creek Bank,Central,Main Branch
1044,Willow Creek Bank,Mountain,Sycamore Drive Branch
1046,Mountain View Trust,Midwest,Pine Street Branch
1048,Mountain View Trust,North,Main Branch
1050,Harbor City Finance,Northeast,Oak Street Branch
1052,Maple Ridge National,Coastal,Sycamore Drive Branch
1054,Maple Ridge National,South,Maple Avenue Branch
1056,Willow Creek Bank,Mountain,Main Branch
1058,Pine Valley Credit Union,Northeast,Willow Lane Branch
1060,Maple Ridge National,North,Willow Lane Branch
1062,Harbor City Finance,Midwest,Oak Street Branch
1064,Maple Ridge National,West,Pine Street Branch
1066,Harbor City Finance,Coastal,Sycamore Drive Branch
1068,Meadowbrook Bank,West,Cedar Avenue Branch
1070,Pine Valley Credit Union,South,Pine Street Branch
1072,Ocean Breeze Savings,East,Elm Street Branch
1074,Pine Valley Credit Union,West,Main Branch
1076,Maple Ridge National,Midwest,Elm Street Branch
1078,Maple Ridge National,Coastal,Maple Avenue Branch
1080,Golden Gate Financial,South,Cedar Avenue Branch
1082,Sunset Bank,Northeast,Oak Street Branch
1084,Meadowbrook Bank,Island,Maple Avenue Branch
1086,Mountain View Trust,Mountain,Hickory Lane Branch
1088,Silver Lake Investments,East,Oak Street Branch
1090,Silver Lake Investments,Coastal,Birch Lane Branch
1092,Mountain View Trust,Central,Sycamore Drive Branch
1094,Ocean Breeze Savings,East,Main Branch
1096,Mountain View Trust,Island,Cedar Avenue Branch
1098,Maple Ridge National,East,Main Branch
1100,Maple Ridge National,Central,Maple Avenue Branch
1102,Pine Valley Credit Union,West,Cedar Avenue Branch
1104,Meadowbrook Bank,East,Cedar Avenue Branch
1106,Harbor City Finance,Mountain,Sycamore Drive Branch
1108,Mountain View Trust,East,Birch Lane Branch
1110,Willow Creek Bank,Northeast,Sycamore Drive Branch
1112,Sunset Bank,East,Birch Lane Branch
1114,Harbor City Finance,South,Main Branch
1116,Ocean Breeze Savings,Northeast,Oak Street Branch
1118,Mountain View Trust,North,Pine Street Branch
1120,Silver Lake Investments,North,Elm Street Branch
1122,Pine Valley Credit Union,Northeast,Main Branch
1124,Sunset Bank,Northeast,Willow Lane Branch
1126,Sunset Bank,Northeast,Elm Street Branch
1128,Meadowbrook Bank,Coastal,Main Branch
1130,Golden Gate Financial,East,Elm Street Branch
1132,Silver Lake Investments,Mountain,Main Branch
1134,Maple Ridge National,Island,Elm Street Branch
1136,Harbor City Finance,Midwest,Elm Street Branch
1138,Mountain View Trust,East,Hickory Lane Branch
1140,Maple Ridge National,Northeast,Sycamore Drive Branch
1142,Mountain View Trust,Mountain,Sycamore Drive Branch
1144,Harbor City Finance,Coastal,Sycamore Drive Branch
1146,Harbor City Finance,Central,Birch Lane Branch
1148,Willow Creek Bank,East,Willow Lane Branch
1150,Willow Creek Bank,Mountain,Oak Street Branch
1152,Maple Ridge National,Central,Birch Lane Branch
1154,Meadowbrook Bank,Coastal,Main Branch
1156,Harbor City Finance,Central,Elm Street Branch
1158,Pine Valley Credit Union,Coastal,Sycamore Drive Branch
1160,Maple Ridge National,Midwest,Main Branch
1162,Willow Creek Bank,Central,Pine Street Branch
1164,Pine Valley Credit Union,Central,Birch Lane Branch
1166,Maple Ridge National,Island,Cedar Avenue Branch
1168,Sunset Bank,East,Main Branch
1170,Harbor City Finance,Central,Oak Street Branch
1172,Pine Valley Credit Union,Mountain,Willow Lane Branch
1174,Silver Lake Investments,East,Sycamore Drive Branch
1176,Meadowbrook Bank,North,Oak Street Branch
1178,Golden Gate Financial,Island,Sycamore Drive Branch
1180,Golden Gate Financial,Northeast,Cedar Avenue Branch
1182,Golden Gate Financial,South,Birch Lane Branch
1184,Sunset Bank,West,Cedar Avenue Branch
1186,Sunset Bank,South,Pine Street Branch
1188,Silver Lake Investments,Coastal,Oak Street Branch
1190,Mountain View Trust,Northeast,Willow Lane Branch
1192,Silver Lake Investments,North,Pine Street Branch
1194,Harbor City Finance,North,Main Branch
1196,Maple Ridge National,South,Sycamore Drive Branch
1198,Pine Valley Credit Union,Central,Cedar Avenue Branch
1200,Ocean Breeze Savings,Mountain,Elm Street Branch
1202,Ocean Breeze Savings,East,Elm Street Branch
1204,Ocean Breeze Savings,West,Main Branch
1206,Ocean Breeze Savings,East,Elm Street Branch
1208,Mountain View Trust,Midwest,Willow Lane Branch
1210,Pine Valley Credit Union,Coastal,Birch Lane Branch
1212,Golden Gate Financial,North,Sycamore Drive Branch
1214,Mountain View Trust,Northeast,Hickory Lane Branch
1216,Mountain View Trust,Island,Oak Street Branch
1218,Ocean Breeze Savings,Coastal,Elm Street Branch
1220,Silver Lake Investments,Island,Main Branch
1222,Silver Lake Investments,Coastal,Cedar Avenue Branch
1224,Harbor City Finance,Central,Maple Avenue Branch
1226,Willow Creek Bank,South,Sycamore Drive Branch
1228,Pine Valley Credit Union,Midwest,Sycamore Drive Branch
1230,Mountain View Trust,Northeast,Maple Avenue Branch
1232,Harbor City Finance,North,Elm Street Branch
1234,Pine Valley Credit Union,West,Sycamore Drive Branch
1236,Meadowbrook Bank,Midwest,Willow Lane Branch
1238,Pine Valley Credit Union,Coastal,Main Branch
1240,Maple Ridge National,Mountain,Elm Street Branch
1242,Pine Valley Credit Union,West,Cedar Avenue Branch
1244,Mountain View Trust,West,Pine Street Branch
1246,Golden Gate Financial,Coastal,Pine Street Branch
1248,Maple Ridge National,South,Birch Lane Branch
1250,Maple Ridge National,East,Pine Street Branch
1252,Harbor City Finance,Coastal,Sycamore Drive Branch
1254,Mountain View Trust,Midwest,Maple Avenue Branch
1256,Pine Valley Credit Union,West,Elm Street Branch
1258,Pine Valley Credit Union,Coastal,Pine Street Branch
1260,Meadowbrook Bank,Central,Pine Street Branch
1262,Golden Gate Financial,Midwest,Oak Street Branch
1264,Willow Creek Bank,Central,Sycamore Drive Branch
1266,Golden Gate Financial,West,Cedar Avenue Branch
1268,Mountain View Trust,East,Sycamore Drive Branch
1270,Golden Gate Financial,Coastal,Sycamore Drive Branch
1272,Harbor City Finance,Island,Cedar Avenue Branch
1274,Meadowbrook Bank,South,Cedar Avenue Branch
1276,Sunset Bank,West,Main Branch
1278,Maple Ridge National,Central,Pine Street Branch
1280,Golden Gate Financial,Coastal,Cedar Avenue Branch
1282,Silver Lake Investments,Coastal,Main Branch
1284,Maple Ridge National,Coastal,Hickory Lane Branch
1286,Harbor City Finance,East,Elm Street Branch
1288,Maple Ridge National,Midwest,Sycamore Drive Branch
1290,Ocean Breeze Savings,South,Elm Street Branch
1292,Meadowbrook Bank,Coastal,Main Branch
1294,Meadowbrook Bank,Coastal,Elm Street Branch
1296,Mountain View Trust,Coastal,Hickory Lane Branch
1298,Pine Valley Credit Union,North,Oak Street Branch
1300,Meadowbrook Bank,West,Main Branch
1302,Willow Creek Bank,West,Birch Lane Branch
1304,Willow Creek Bank,East,Elm Street Branch
1306,Silver Lake Investments,Coastal,Cedar Avenue Branch
1308,Mountain View Trust,Coastal,Maple Avenue Branch
1310,Willow Creek Bank,Mountain,Main Branch
1312,Harbor City Finance,South,Main Branch
1314,Meadowbrook Bank,Mountain,Elm Street Branch
1316,Meadowbrook Bank,West,Pine Street Branch
1318,Pine Valley Credit Union,East,Oak Street Branch
1320,Maple Ridge National,Central,Cedar Avenue Branch
1322,Pine Valley Credit Union,Central,Willow Lane Branch
1324,Silver Lake Investments,East,Oak Street Branch
1326,Silver Lake Investments,Island,Oak Street Branch
1328,Silver Lake Investments,West,Hickory Lane Branch
1330,Sunset Bank,North,Pine Street Branch
1332,Meadowbrook Bank,Central,Elm Street Branch
1334,Golden Gate Financial,Mountain,Hickory Lane Branch
1336,Pine Valley Credit Union,West,Cedar Avenue Branch
1338,Willow Creek Bank,Island,Hickory Lane Branch
1340,Pine Valley Credit Union,North,Hickory Lane Branch
1342,Pine Valley Credit Union,Mountain,Willow Lane Branch
1344,Maple Ridge National,Coastal,Main Branch
1346,Willow Creek Bank,North,Main Branch
1348,Sunset Bank,South,Oak Street Branch
1350,Harbor City Finance,Island,Willow Lane Branch
1352,Mountain View Trust,Midwest,Sycamore Drive Branch
1354,Ocean Breeze Savings,North,Maple Avenue Branch
1356,Maple Ridge National,Central,Pine Street Branch
1358,Maple Ridge National,West,Birch Lane Branch
1360,Pine Valley Credit Union,West,Oak Street Branch
1362,Ocean Breeze Savings,South,Oak Street Branch
1364,Pine Valley Credit Union,Northeast,Oak Street Branch
1366,Harbor City Finance,Coastal,Cedar Avenue Branch
1368,Sunset Bank,Island,Sycamore Drive Branch
1370,Silver Lake Investments,South,Pine Street Branch
1372,Willow Creek Bank,North,Elm Street Branch
1374,Maple Ridge National,Northeast,Sycamore Drive Branch
1376,Mountain View Trust,Central,Pine Street Branch
1378,Harbor City Finance,North,Elm Street Branch
1380,Maple Ridge National,West,Cedar Avenue Branch
1382,Meadowbrook Bank,Coastal,Birch Lane Branch
1384,Sunset Bank,Coastal,Main Branch
1386,Meadowbrook Bank,Island,Pine Street Branch
1388,Sunset Bank,East,Birch Lane Branch
1390,Ocean Breeze Savings,West,Pine Street Branch
1392,Ocean Breeze Savings,Northeast,Hickory Lane Branch
1394,Meadowbrook Bank,East,Sycamore Drive Branch
1396,Ocean Breeze Savings,Northeast,Birch Lane Branch
1398,Pine Valley Credit Union,Mountain,Pine Street Branch
1400,Willow Creek Bank,North,Elm Street Branch
1402,Harbor City Finance,Coastal,Birch Lane Branch
1404,Harbor City Finance,West,Main Branch
1406,Ocean Breeze Savings,Midwest,Elm Street Branch
1408,Silver Lake Investments,Mountain,Main Branch
1410,Golden Gate Financial,West,Sycamore Drive Branch
1412,Harbor City Finance,Island,Willow Lane Branch
1414,Willow Creek Bank,Mountain,Willow Lane Branch
1416,Willow Creek Bank,Mountain,Willow Lane Branch
1418,Ocean Breeze Savings,Central,Sycamore Drive Branch
1420,Pine Valley Credit Union,Mountain,Oak Street Branch
1422,Mountain View Trust,Central,Cedar Avenue Branch
1424,Silver Lake Investments,West,Elm Street Branch
1426,Golden Gate Financial,Northeast,Maple Avenue Branch
1428,Meadowbrook Bank,East,Pine Street Branch
1430,Silver Lake Investments,West,Cedar Avenue Branch
1432,Mountain View Trust,Central,Oak Street Branch
1434,Silver Lake Investments,West,Pine Street Branch
1436,Willow Creek Bank,Northeast,Pine Street Branch
1438,Pine Valley Credit Union,Mountain,Cedar Avenue Branch
1440,Ocean Breeze Savings,Northeast,Main Branch
1442,Pine Valley Credit Union,Central,Oak Street Branch
1444,Willow Creek Bank,Coastal,Maple Avenue Branch
1446,Maple Ridge National,Mountain,Birch Lane Branch
1448,Golden Gate Financial,East,Pine Street Branch
1450,Meadowbrook Bank,Island,Oak Street Branch
1452,Pine Valley Credit Union,Island,Oak Street Branch
1454,Pine Valley Credit Union,West,Cedar Avenue Branch
1456,Willow Creek Bank,Mountain,Elm Street Branch
1458,Golden Gate Financial,East,Elm Street Branch
1460,Meadowbrook Bank,Northeast,Hickory Lane Branch
1462,Mountain View Trust,Coastal,Cedar Avenue Branch
1464,Mountain View Trust,Mountain,Maple Avenue Branch
1466,Ocean Breeze Savings,East,Elm Street Branch
1468,Golden Gate Financial,South,Birch Lane Branch
1470,Meadowbrook Bank,Coastal,Main Branch
1472,Pine Valley Credit Union,Central,Oak Street Branch
1474,Sunset Bank,West,Sycamore Drive Branch
1476,Willow Creek Bank,West,Maple Avenue Branch
1478,Sunset Bank,West,Birch Lane Branch
1480,Golden Gate Financial,Northeast,Cedar Avenue Branch
1482,Harbor City Finance,West,Pine Street Branch
1484,Harbor City Finance,East,Elm Street Branch
1486,Mountain View Trust,Mountain,Cedar Avenue Branch
1488,Pine Valley Credit Union,East,Elm Street Branch
1490,Maple Ridge National,South,Oak Street Branch
1492,Sunset Bank,Central,Main Branch
1494,Pine Valley Credit Union,Midwest,Elm Street Branch
1496,Silver Lake Investments,Mountain,Oak Street Branch
1498,Harbor City Finance,West,Elm Street Branch
1500,Willow Creek Bank,East,Hickory Lane Branch
1502,Willow Creek Bank,North,Hickory Lane Branch
1504,Golden Gate Financial,West,Hickory Lane Branch
1506,Silver Lake Investments,Mountain,Birch Lane Branch
1508,Harbor City Finance,Coastal,Cedar Avenue Branch
1510,Meadowbrook Bank,Island,Maple Avenue Branch
1512,Maple Ridge National,Midwest,Pine Street Branch
1514,Ocean Breeze Savings,West,Oak Street Branch
1516,Maple Ridge National,Central,Cedar Avenue Branch
1518,Maple Ridge National,East,Pine Street Branch
1520,Pine Valley Credit Union,East,Birch Lane Branch
1522,Silver Lake Investments,Midwest,Hickory Lane Branch
1524,Golden Gate Financial,Northeast,Pine Street Branch
1526,Meadowbrook Bank,Island,Elm Street Branch
1528,Mountain View Trust,Northeast,Main Branch
1530,Meadowbrook Bank,Northeast,Cedar Avenue Branch
1532,Meadowbrook Bank,Coastal,Main Branch
1534,Sunset Bank,North,Pine Street Branch
1536,Silver Lake Investments,Midwest,Cedar Avenue Branch
1538,Silver Lake Investments,West,Willow Lane Branch
1540,Silver Lake Investments,South,Willow Lane Branch
1542,Mountain View Trust,Mountain,Hickory Lane Branch
1544,Meadowbrook Bank,North,Oak Street Branch
1546,Golden Gate Financial,West,Pine Street Branch
1548,Silver Lake Investments,North,Main Branch
1550,Willow Creek Bank,South,Hickory Lane Branch
1552,Ocean Breeze Savings,Central,Cedar Avenue Branch
1554,Meadowbrook Bank,North,Main Branch
1556,Willow Creek Bank,Midwest,Elm Street Branch
1558,Harbor City Finance,West,Cedar Avenue Branch
1560,Maple Ridge National,Central,Pine Street Branch
1562,Willow Creek Bank,West,Sycamore Drive Branch
1564,Mountain View Trust,Midwest,Elm Street Branch
1566,Meadowbrook Bank,West,Sycamore Drive Branch
1568,Silver Lake Investments,Island,Maple Avenue Branch
1570,Sunset Bank,Coastal,Cedar Avenue Branch
1572,Meadowbrook Bank,Central,Elm Street Branch
1574,Harbor City Finance,Coastal,Cedar Avenue Branch
1576,Mountain View Trust,North,Main Branch
1578,Pine Valley Credit Union,East,Cedar Avenue Branch
1580,Pine Valley Credit Union,Island,Willow Lane Branch
1582,Sunset Bank,Northeast,Main Branch
1584,Pine Valley Credit Union,East,Oak Street Branch
1586,Meadowbrook Bank,Mountain,Maple Avenue Branch
1588,Mountain View Trust,Mountain,Sycamore Drive Branch
1590,Willow Creek Bank,East,Elm Street Branch
1592,Willow Creek Bank,North,Birch Lane Branch
1594,Silver Lake Investments,West,Birch Lane Branch
1596,Silver Lake Investments,Coastal,Willow Lane Branch
1598,Harbor City Finance,Island,Sycamore Drive Branch
1600,Pine Valley Credit Union,West,Elm Street Branch
1602,Maple Ridge National,Central,Cedar Avenue Branch
1604,Sunset Bank,South,Pine Street Branch
1606,Maple Ridge National,South,Elm Street Branch
1608,Ocean Breeze Savings,Central,Maple Avenue Branch
1610,Golden Gate Financial,Midwest,Maple Avenue Branch
1612,Mountain View Trust,Northeast,Sycamore Drive Branch
1614,Meadowbrook Bank,Northeast,Elm Street Branch
1616,Golden Gate Financial,West,Main Branch
1618,Mountain View Trust,Northeast,Oak Street Branch
1620,Harbor City Finance,Coastal,Maple Avenue Branch
1622,Harbor City Finance,Central,Cedar Avenue Branch
1624,Pine Valley Credit Union,Midwest,Willow Lane Branch
1626,Sunset Bank,Northeast,Willow Lane Branch
1628,Golden Gate Financial,Coastal,Sycamore Drive Branch
1630,Pine Valley Credit Union,Northeast,Oak Street Branch
1632,Silver Lake Investments,Coastal,Pine Street Branch
1634,Sunset Bank,Mountain,Birch Lane Branch
1636,Meadowbrook Bank,North,Oak Street Branch
1638,Silver Lake Investments,West,Oak Street Branch
1640,Golden Gate Financial,Northeast,Main Branch
1642,Sunset Bank,North,Hickory Lane Branch
1644,Golden Gate Financial,Northeast,Sycamore Drive Branch
1646,Willow Creek Bank,Northeast,Birch Lane Branch
1648,Willow Creek Bank,Mountain,Main Branch
1650,Silver Lake Investments,Northeast,Sycamore Drive Branch
1652,Willow Creek Bank,North,Hickory Lane Branch
1654,Willow Creek Bank,Northeast,Maple Avenue Branch
1656,Mountain View Trust,Coastal,Maple Avenue Branch
1658,Sunset Bank,Island,Cedar Avenue Branch
1660,Meadowbrook Bank,Midwest,Pine Street Branch
1662,Silver Lake Investments,East,Birch Lane Branch
1664,Pine Valley Credit Union,South,Elm Street Branch
1666,Golden Gate Financial,North,Sycamore Drive Branch
1668,Sunset Bank,North,Sycamore Drive Branch
1670,Golden Gate Financial,South,Sycamore Drive Branch
1672,Ocean Breeze Savings,Central,Elm Street Branch
1674,Maple Ridge National,Central,Hickory Lane Branch
1676,Maple Ridge National,South,Oak Street Branch
1678,Silver Lake Investments,West,Oak Street Branch
1680,Harbor City Finance,East,Oak Street Branch
1682,Ocean Breeze Savings,East,Pine Street Branch
1684,Willow Creek Bank,Mountain,Elm Street Branch
1686,Harbor City Finance,Midwest,Oak Street Branch
1688,Maple Ridge National,Central,Cedar Avenue Branch
1690,Meadowbrook Bank,Coastal,Oak Street Branch
1692,Sunset Bank,Northeast,Cedar Avenue Branch
1694,Ocean Breeze Savings,Mountain,Main Branch
1696,Maple Ridge National,Mountain,Pine Street Branch
1698,Sunset Bank,West,Pine Street Branch
1700,Harbor City Finance,Central,Maple Avenue Branch
1702,Maple Ridge National,Central,Maple Avenue Branch
1704,Willow Creek Bank,North,Main Branch
1706,Mountain View Trust,West,Main Branch
1708,Harbor City Finance,North,Main Branch
1710,Golden Gate Financial,Island,Sycamore Drive Branch
1712,Harbor City Finance,Northeast,Hickory Lane Branch
1714,Meadowbrook Bank,Mountain,Pine Street Branch
1716,Willow Creek Bank,Northeast,Pine Street Branch
1718,Golden Gate Financial,East,Maple Avenue Branch
1720,Pine Valley Credit Union,East,Sycamore Drive Branch
1722,Golden Gate Financial,Midwest,Cedar Avenue Branch
1724,Silver Lake Investments,South,Main Branch
1726,Pine Valley Credit Union,Central,Elm Street Branch
1728,Golden Gate Financial,Mountain,Maple Avenue Branch
1730,Pine Valley Credit Union,Coastal,Willow Lane Branch
1732,Silver Lake Investments,East,Hickory Lane Branch
1734,Harbor City Finance,Northeast,Hickory Lane Branch
1736,Willow Creek Bank,North,Main Branch
1738,Harbor City Finance,Northeast,Sycamore Drive Branch
1740,Meadowbrook Bank,Mountain,Hickory Lane Branch
1742,Meadowbrook Bank,Mountain,Maple Avenue Branch
1744,Meadowbrook Bank,West,Pine Street Branch
1746,Meadowbrook Bank,East,Birch Lane Branch
1748,Silver Lake Investments,Midwest,Hickory Lane Branch
1750,Maple Ridge National,Island,Willow Lane Branch
1752,Pine Valley Credit Union,Island,Sycamore Drive Branch
1754,Harbor City Finance,Coastal,Hickory Lane Branch
1756,Silver Lake Investments,Island,Main Branch
1758,Maple Ridge National,South,Main Branch
1760,Sunset Bank,Island,Main Branch
1762,Golden Gate Financial,Mountain,Elm Street Branch
1764,Harbor City Finance,Central,Elm Street Branch
1766,Maple Ridge National,West,Cedar Avenue Branch
1768,Maple Ridge National,East,Main Branch
1770,Silver Lake Investments,Midwest,Hickory Lane Branch
1772,Willow Creek Bank,Northeast,Main Branch
1774,Harbor City Finance,Central,Pine Street Branch
1776,Willow Creek Bank,Midwest,Oak Street Branch
1778,Sunset Bank,East,Hickory Lane Branch
1780,Sunset Bank,Mountain,Oak Street Branch
1782,Meadowbrook Bank,North,Sycamore Drive Branch
1784,Ocean Breeze Savings,North,Sycamore Drive Branch
1786,Sunset Bank,Mountain,Pine Street Branch
1788,Silver Lake Investments,Island,Maple Avenue Branch
1790,Maple Ridge National,Coastal,Birch Lane Branch
1792,Pine Valley Credit Union,Mountain,Main Branch
1794,Pine Valley Credit Union,Central,Sycamore Drive Branch
1796,Sunset Bank,Midwest,Birch Lane Branch
1798,Harbor City Finance,West,Birch Lane Branch
1800,Mountain View Trust,Mountain,Hickory Lane Branch
1802,Ocean Breeze Savings,Midwest,Maple Avenue Branch
1804,Sunset Bank,North,Cedar Avenue Branch
1806,Pine Valley Credit Union,Island,Birch Lane Branch
1808,Ocean Breeze Savings,Island,Birch Lane Branch
1810,Meadowbrook Bank,Northeast,Cedar Avenue Branch
1812,Harbor City Finance,Coastal,Cedar Avenue Branch
1814,Golden Gate Financial,Midwest,Birch Lane Branch
1816,Harbor City Finance,Mountain,Pine Street Branch
1818,Golden Gate Financial,Midwest,Maple Avenue Branch
1820,Maple Ridge National,West,Hickory Lane Branch
1822,Sunset Bank,Mountain,Cedar Avenue Branch
1824,Silver Lake Investments,North,Elm Street Branch
1826,Meadowbrook Bank,East,Pine Street Branch
1828,Ocean Breeze Savings,Midwest,Birch Lane Branch
1830,Willow Creek Bank,Coastal,Sycamore Drive Branch
1832,Sunset Bank,Island,Hickory Lane Branch
1834,Sunset Bank,North,Elm Street Branch
1836,Silver Lake Investments,Mountain,Main Branch
1838,Silver Lake Investments,Coastal,Hickory Lane Branch
1840,Silver Lake Investments,Central,Oak Street Branch
1842,Maple Ridge National,East,Cedar Avenue Branch
1844,Willow Creek Bank,Coastal,Birch Lane Branch
1846,Ocean Breeze Savings,South,Willow Lane Branch
1848,Sunset Bank,Northeast,Birch Lane Branch
1850,Willow Creek Bank,Midwest,Oak Street Branch
1852,Meadowbrook Bank,East,Sycamore Drive Branch
1854,Silver Lake Investments,Northeast,Birch Lane Branch
1856,Golden Gate Financial,Midwest,Cedar Avenue Branch
1858,Willow Creek Bank,Island,Maple Avenue Branch
1860,Sunset Bank,North,Main Branch
1862,Golden Gate Financial,West,Maple Avenue Branch
1864,Sunset Bank,Coastal,Cedar Avenue Branch
1866,Willow Creek Bank,Northeast,Maple Avenue Branch
1868,Sunset Bank,Central,Cedar Avenue Branch
1870,Silver Lake Investments,Mountain,Main Branch
1872,Harbor City Finance,Coastal,Cedar Avenue Branch
1874,Golden Gate Financial,North,Sycamore Drive Branch
1876,Golden Gate Financial,Northeast,Willow Lane Branch
1878,Maple Ridge National,East,Maple Avenue Branch
1880,Ocean Breeze Savings,West,Birch Lane Branch
1882,Sunset Bank,Mountain,Elm Street Branch
1884,Ocean Breeze Savings,Midwest,Birch Lane Branch
1886,Sunset Bank,East,Maple Avenue Branch
1888,Mountain View Trust,North,Oak Street Branch
1890,Maple Ridge National,Island,Sycamore Drive Branch
1892,Sunset Bank,Coastal,Sycamore Drive Branch
1894,Willow Creek Bank,East,Birch Lane Branch
1896,Golden Gate Financial,Mountain,Main Branch
1898,Pine Valley Credit Union,Mountain,Willow Lane Branch
1900,Maple Ridge National,Central,Pine Street Branch
1902,Maple Ridge National,South,Maple Avenue Branch
1904,Sunset Bank,Island,Hickory Lane Branch
1906,Mountain View Trust,Coastal,Sycamore Drive Branch
1908,Pine Valley Credit Union,West,Cedar Avenue Branch
1910,Golden Gate Financial,Central,Maple Avenue Branch
1912,Maple Ridge National,West,Hickory Lane Branch
1914,Willow Creek Bank,Northeast,Elm Street Branch
1916,Pine Valley Credit Union,Northeast,Elm Street Branch
1918,Harbor City Finance,West,Hickory Lane Branch
1920,Meadowbrook Bank,Mountain,Cedar Avenue Branch
1922,Willow Creek Bank,Mountain,Elm Street Branch
1924,Maple Ridge National,Northeast,Pine Street Branch
1926,Harbor City Finance,West,Elm Street Branch
1928,Sunset Bank,West,Elm Street Branch
1930,Harbor City Finance,Island,Pine Street Branch
1932,Pine Valley Credit Union,Central,Cedar Avenue Branch
1934,Sunset Bank,South,Pine Street Branch
1936,Pine Valley Credit Union,South,Hickory Lane Branch
1938,Pine Valley Credit Union,North,Hickory Lane Branch
1940,Meadowbrook Bank,Northeast,Hickory Lane Branch
1942,Maple Ridge National,Northeast,Main Branch
1944,Sunset Bank,Northeast,Cedar Avenue Branch
1946,Meadowbrook Bank,South,Cedar Avenue Branch
1948,Pine Valley Credit Union,Central,Main Branch
1950,Meadowbrook Bank,East,Sycamore Drive Branch
1952,Pine Valley Credit Union,East,Main Branch
1954,Silver Lake Investments,Central,Main Branch
1956,Mountain View Trust,Central,Pine Street Branch
1958,Willow Creek Bank,Northeast,Cedar Avenue Branch
1960,Ocean Breeze Savings,West,Main Branch
1962,Pine Valley Credit Union,Coastal,Elm Street Branch
1964,Sunset Bank,East,Hickory Lane Branch
1966,Ocean Breeze Savings,Midwest,Cedar Avenue Branch
1968,Maple Ridge National,Island,Birch Lane Branch
1970,Ocean Breeze Savings,Midwest,Maple Avenue Branch
1972,Willow Creek Bank,Midwest,Main Branch
1974,Sunset Bank,Coastal,Willow Lane Branch
1976,Pine Valley Credit Union,East,Willow Lane Branch
1978,Silver Lake Investments,South,Sycamore Drive Branch
1980,Pine Valley Credit Union,Midwest,Pine Street Branch
1982,Maple Ridge National,Island,Pine Street Branch
1984,Meadowbrook Bank,Northeast,Birch Lane Branch
1986,Willow Creek Bank,Mountain,Maple Avenue Branch
1988,Meadowbrook Bank,Northeast,Hickory Lane Branch
1990,Mountain View Trust,Island,Willow Lane Branch
1992,Mountain View Trust,North,Sycamore Drive Branch
1994,Ocean Breeze Savings,West,Cedar Avenue Branch
1996,Sunset Bank,Northeast,Sycamore Drive Branch
1998,Maple Ridge National,North,Elm Street Branch
2000,Silver Lake Investments,South,Oak Street Branch
2002,Pine Valley Credit Union,Coastal,Willow Lane Branch
2004,Golden Gate Financial,Central,Hickory Lane Branch
2006,Golden Gate Financial,Midwest,Elm Street Branch
2008,Golden Gate Financial,Midwest,Cedar Avenue Branch
2010,Golden Gate Financial,Northeast,Willow Lane Branch