merchant_id,region,terminal_id,merchant_name,card_no,card_type
12,East,T4321,Golden Harvest Goods,1234 5678 9012 3456,Mir
15,Mountain,T4321,Moonlight Market,1234 5678 9012 3456,Diners Club
18,Urban,T4321,Rainbow Delights,9876 5432 1098 7654,JCB
21,Rural,T2109,Golden Harvest Goods,1234 5678 9012 3456,Mastercard
24,Mountain,T2468,Moonlight Market,2468 1357 8024 6913,RuPay
27,Mountain,T1234,Ocean Breeze Boutique,9999 8888 7777 6666,RuPay
30,Rural,T9876,Starry Night Supplies,1111 2222 3333 4444,UnionPay
33,South,T7890,Rainbow Delights,1357 2468 3579 4680,Visa
36,Island,T2468,Sunshine Emporium,1357 2468 3579 4680,UnionPay
39,Mountain,T2468,Mystic Meadows Merchants,1111 2222 3333 4444,Diners Club
42,North,T9876,Sunshine Emporium,9999 8888 7777 6666,Diners Club
45,Island,T6543,Ocean Breeze Boutique,1234 5678 9012 3456,Discover
48,Urban,T2109,Whispering Woods Wares,2468 1357 8024 6913,UnionPay
51,East,T6543,Rainbow Delights,9999 8888 7777 6666,Discover
54,Island,T2468,Mystic Meadows Merchants,9999 8888 7777 6666,Maestro
57,Mountain,T4321,Whispering Woods Wares,7777 8888 9999 0000,Mir
60,Rural,T2109,Enchanted Elegance,9876 5432 1098 7654,Visa
63,Mountain,T2468,Sunshine Emporium,2468 1357 8024 6913,JCB
66,Urban,T4321,Ocean Breeze Boutique,1357 2468 3579 4680,Maestro
69,Central,T1234,Ocean Breeze Boutique,9876 5432 1098 7654,Maestro
72,Urban,T6543,Sunshine Emporium,9999 8888 7777 6666,Diners Club
75,South,T1234,Enchanted Elegance,1111 2222 3333 4444,Discover
78,Mountain,T7890,Ocean Breeze Boutique,7777 8888 9999 0000,Mir
81,Rural,T8765,Rainbow Delights,9999 8888 7777 6666,Mastercard
84,West,T8765,Golden Harvest Goods,9876 5432 1098 7654,Maestro
87,Urban,T2468,Rainbow Delights,2468 1357 8024 6913,Mir
90,West,T6543,Golden Harvest Goods,5555 4444 3333 2222,UnionPay
93,West,T5678,Rainbow Delights,1234 5678 9012 3456,Visa
96,Coastal,T1357,Whispering Woods Wares,1111 2222 3333 4444,RuPay
99,West,T2468,Starry Night Supplies,9876 5432 1098 7654,American Express
102,Central,T7890,Moonlight Market,1357 2468 3579 4680,American Express
105,West,T9876,Golden Harvest Goods,9999 8888 7777 6666,UnionPay
108,East,T2468,Enchanted Elegance,9999 8888 7777 6666,Visa
111,Mountain,T9876,Golden Harvest Goods,5555 4444 3333 2222,JCB
114,Central,T9876,Golden Harvest Goods,7777 8888 9999 0000,UnionPay
117,Urban,T1234,Rainbow Delights,1234 5678 9012 3456,JCB
120,South,T1234,Silver Lining Store,9999 8888 7777 6666,UnionPay
123,Coastal,T2468,Golden Harvest Goods,1357 2468 3579 4680,Maestro
126,Urban,T7890,Silver Lining Store,9876 5432 1098 7654,Mastercard
129,North,T6543,Enchanted Elegance,1357 2468 3579 4680,American Express
132,North,T8765,Moonlight Market,1111 2222 3333 4444,Diners Club
135,South,T8765,Enchanted Elegance,1357 2468 3579 4680,Discover
138,Central,T8765,Ocean Breeze Boutique,1234 5678 9012 3456,Mastercard
141,Mountain,T6543,Moonlight Market,1111 2222 3333 4444,Visa
144,West,T6543,Mystic Meadows Merchants,9876 5432 1098 7654,Visa
147,Island,T5678,Starry Night Supplies,5555 4444 3333 2222,Mir
150,East,T9876,Mystic Meadows Merchants,1234 5678 9012 3456,Mir
153,South,T2109,Sunshine Emporium,1357 2468 3579 4680,Mastercard
156,Central,T4321,Silver Lining Store,7777 8888 9999 0000,Maestro
159,South,T1234,Ocean Breeze Boutique,2468 1357 8024 6913,Mir
162,West,T4321,Ocean Breeze Boutique,1234 5678 9012 3456,American Express
165,West,T6543,Whispering Woods Wares,1234 5678 9012 3456,Mir
168,Central,T1234,Moonlight Market,7777 8888 9999 0000,JCB
171,Island,T9876,Mystic Meadows Merchants,9999 8888 7777 6666,JCB
174,Central,T4321,Mystic Meadows Merchants,9876 5432 1098 7654,JCB
177,North,T4321,Ocean Breeze Boutique,9876 5432 1098 7654,Discover
180,East,T2109,Mystic Meadows Merchants,9876 5432 1098 7654,American Express
183,Urban,T4321,Moonlight Market,1234 5678 9012 3456,JCB
186,Central,T2468,Rainbow Delights,7777 8888 9999 0000,RuPay
189,Coastal,T7890,Mystic Meadows Merchants,2468 1357 8024 6913,Mastercard
192,East,T1357,Ocean Breeze Boutique,9876 5432 1098 7654,JCB
195,South,T7890,Sunshine Emporium,9999 8888 7777 6666,Mastercard
198,North,T2468,Silver Lining Store,2468 1357 8024 6913,UnionPay
201,Mountain,T7890,Enchanted Elegance,9876 5432 1098 7654,American Express
204,Mountain,T1357,Silver Lining Store,9876 5432 1098 7654,Mastercard
207,Coastal,T6543,Whispering Woods Wares,9999 8888 7777 6666,JCB
210,West,T2109,Mystic Meadows Merchants,1234 5678 9012 3456,JCB
213,Mountain,T4321,Rainbow Delights,5555 4444 3333 2222,Diners Club
216,West,T2468,Ocean Breeze Boutique,7777 8888 9999 0000,RuPay
219,East,T2468,Ocean Breeze Boutique,5555 4444 3333 2222,UnionPay
222,East,T5678,Mystic Meadows Merchants,1234 5678 9012 3456,RuPay
225,North,T1234,Whispering Woods Wares,1234 5678 9012 3456,UnionPay
228,Urban,T4321,Starry Night Supplies,9876 5432 1098 7654,UnionPay
231,Urban,T1234,Whispering Woods Wares,1234 5678 9012 3456,Discover
234,West,T8765,Ocean Breeze Boutique,9876 5432 1098 7654,American Express
237,Mountain,T6543,Enchanted Elegance,9876 5432 1098 7654,Mastercard
240,Mountain,T1357,Sunshine Emporium,1357 2468 3579 4680,RuPay
243,Island,T8765,Mystic Meadows Merchants,2468 1357 8024 6913,Diners Club
246,East,T5678,Golden Harvest Goods,9999 8888 7777 6666,UnionPay
249,Island,T1357,Enchanted Elegance,9876 5432 1098 7654,Mastercard
252,North,T1234,Starry Night Supplies,1357 2468 3579 4680,Visa
255,South,T8765,Whispering Woods Wares,7777 8888 9999 0000,Discover
258,Rural,T4321,Whispering Woods Wares,1234 5678 9012 3456,Diners Club
261,Coastal,T1357,Enchanted Elegance,1111 2222 3333 4444,RuPay
264,East,T1357,Whispering Woods Wares,9876 5432 1098 7654,UnionPay
267,Rural,T1234,Moonlight Market,9876 5432 1098 7654,Mastercard
270,Urban,T2468,Mystic Meadows Merchants,2468 1357 8024 6913,Maestro
273,Coastal,T2468,Starry Night Supplies,9876 5432 1098 7654,Visa
276,Island,T5678,Golden Harvest Goods,9876 5432 1098 7654,Mir
279,North,T4321,Whispering Woods Wares,1234 5678 9012 3456,JCB
282,Mountain,T4321,Ocean Breeze Boutique,7777 8888 9999 0000,Visa
285,West,T7890,Mystic Meadows Merchants,9876 5432 1098 7654,JCB
288,North,T9876,Rainbow Delights,1357 2468 3579 4680,JCB
291,Mountain,T9876,Moonlight Market,1234 5678 9012 3456,American Express
294,Mountain,T1234,Moonlight Market,5555 4444 3333 2222,RuPay
297,Coastal,T6543,Moonlight Market,7777 8888 9999 0000,Maestro
300,South,T5678,Sunshine Emporium,1111 2222 3333 4444,American Express
303,Urban,T7890,Sunshine Emporium,1357 2468 3579 4680,UnionPay
306,Coastal,T4321,Golden Harvest Goods,9999 8888 7777 6666,Mastercard
309,Rural,T4321,Whispering Woods Wares,5555 4444 3333 2222,Discover
312,Central,T9876,Mystic Meadows Merchants,1234 5678 9012 3456,Mastercard
315,North,T6543,Golden Harvest Goods,9999 8888 7777 6666,Diners Club
318,Central,T2468,Rainbow Delights,9876 5432 1098 7654,UnionPay
321,North,T1357,Whispering Woods Wares,9876 5432 1098 7654,Maestro
324,East,T1357,Starry Night Supplies,9876 5432 1098 7654,Diners Club
327,Central,T6543,Starry Night Supplies,9876 5432 1098 7654,RuPay
330,South,T1357,Whispering Woods Wares,2468 1357 8024 6913,Diners Club
333,Urban,T5678,Golden Harvest Goods,2468 1357 8024 6913,American Express
336,North,T9876,Rainbow Delights,9876 5432 1098 7654,Maestro
339,North,T8765,Enchanted Elegance,7777 8888 9999 0000,Visa
342,East,T5678,Golden Harvest Goods,9876 5432 1098 7654,Mir
345,Central,T1234,Mystic Meadows Merchants,5555 4444 3333 2222,JCB
348,West,T1234,Mystic Meadows Merchants,9876 5432 1098 7654,JCB
351,Rural,T9876,Ocean Breeze Boutique,9876 5432 1098 7654,Discover
354,East,T1234,Whispering Woods Wares,5555 4444 3333 2222,Mir
357,South,T2109,Sunshine Emporium,9876 5432 1098 7654,Discover
360,East,T2109,Enchanted Elegance,1234 5678 9012 3456,Visa
363,Mountain,T2468,Mystic Meadows Merchants,5555 4444 3333 2222,JCB
366,East,T7890,Rainbow Delights,2468 1357 8024 6913,Mir
369,Coastal,T7890,Silver Lining Store,9876 5432 1098 7654,UnionPay
372,Coastal,T9876,Ocean Breeze Boutique,7777 8888 9999 0000,Mir
375,Coastal,T1234,Ocean Breeze Boutique,1234 5678 9012 3456,Mastercard
378,Coastal,T8765,Golden Harvest Goods,9999 8888 7777 6666,Maestro
381,South,T7890,Silver Lining Store,9876 5432 1098 7654,Diners Club
384,Urban,T1357,Rainbow Delights,1357 2468 3579 4680,RuPay
387,East,T5678,Mystic Meadows Merchants,9999 8888 7777 6666,Visa
390,West,T7890,Sunshine Emporium,9876 5432 1098 7654,RuPay
393,South,T2468,Starry Night Supplies,9876 5432 1098 7654,Discover
396,Mountain,T8765,Starry Night Supplies,2468 1357 8024 6913,Mir
399,Central,T8765,Moonlight Market,9999 8888 7777 6666,Maestro
402,East,T4321,Whispering Woods Wares,1111 2222 3333 4444,Diners Club
405,Coastal,T2109,Starry Night Supplies,9999 8888 7777 6666,American Express
408,Mountain,T1357,Mystic Meadows Merchants,9876 5432 1098 7654,American Express
411,West,T7890,Sunshine Emporium,9999 8888 7777 6666,JCB
414,Urban,T1357,Sunshine Emporium,9999 8888 7777 6666,Discover
417,Central,T1234,Golden Harvest Goods,7777 8888 9999 0000,American Express
420,Coastal,T9876,Silver Lining Store,1234 5678 9012 3456,American Express
423,Island,T5678,Whispering Woods Wares,5555 4444 3333 2222,Mastercard
426,Mountain,T2468,Sunshine Emporium,1357 2468 3579 4680,Mir
429,East,T2468,Mystic Meadows Merchants,1234 5678 9012 3456,Diners Club
432,South,T2109,Enchanted Elegance,7777 8888 9999 0000,JCB
435,West,T8765,Starry Night Supplies,1234 5678 9012 3456,Discover
438,Island,T7890,Starry Night Supplies,1234 5678 9012 3456,RuPay
441,Mountain,T2109,Moonlight Market,1357 2468 3579 4680,Mir
444,Urban,T2468,Moonlight Market,7777 8888 9999 0000,Maestro
447,Rural,T2468,Whispering Woods Wares,1357 2468 3579 4680,JCB
450,Coastal,T1234,Rainbow Delights,1234 5678 9012 3456,RuPay
453,North,T4321,Starry Night Supplies,2468 1357 8024 6913,Diners Club
456,Coastal,T7890,Sunshine Emporium,9876 5432 1098 7654,UnionPay
459,Central,T2468,Silver Lining Store,1357 2468 3579 4680,Discover
462,Coastal,T2468,Ocean Breeze Boutique,1234 5678 9012 3456,Mastercard
465,Urban,T7890,Rainbow Delights,9876 5432 1098 7654,Discover
468,Coastal,T1357,Whispering Woods Wares,2468 1357 8024 6913,Mir
471,Coastal,T8765,Moonlight Market,9876 5432 1098 7654,Mir
474,Central,T2109,Golden Harvest Goods,9876 5432 1098 7654,Mir
477,Coastal,T7890,Silver Lining Store,9999 8888 7777 6666,Mir
480,Urban,T2468,Starry Night Supplies,9999 8888 7777 6666,American Express
483,Coastal,T5678,Moonlight Market,1357 2468 3579 4680,RuPay
486,North,T2468,Starry Night Supplies,1357 2468 3579 4680,Diners Club
489,Island,T4321,Rainbow Delights,1234 5678 9012 3456,Diners Club
492,Island,T8765,Starry Night Supplies,7777 8888 9999 0000,Diners Club
495,Urban,T2109,Golden Harvest Goods,7777 8888 9999 0000,JCB
498,West,T6543,Sunshine Emporium,1234 5678 9012 3456,UnionPay
501,Urban,T2468,Ocean Breeze Boutique,1357 2468 3579 4680,Visa
504,Coastal,T1234,Moonlight Market,9876 5432 1098 7654,Diners Club
507,Rural,T6543,Enchanted Elegance,1111 2222 3333 4444,Maestro
510,West,T7890,Sunshine Emporium,9999 8888 7777 6666,UnionPay
513,Central,T2109,Mystic Meadows Merchants,1357 2468 3579 4680,Mir
516,North,T7890,Golden Harvest Goods,9876 5432 1098 7654,American Express
519,Mountain,T1357,Mystic Meadows Merchants,9876 5432 1098 7654,UnionPay
522,Island,T2468,Silver Lining Store,9999 8888 7777 6666,Diners Club
525,West,T6543,Rainbow Delights,5555 4444 3333 2222,JCB
528,South,T1357,Ocean Breeze Boutique,1357 2468 3579 4680,JCB
531,Island,T2468,Silver Lining Store,1234 5678 9012 3456,Maestro
534,Rural,T2468,Mystic Meadows Merchants,9876 5432 1098 7654,Discover
537,Rural,T1357,Ocean Breeze Boutique,7777 8888 9999 0000,Maestro
540,Urban,T8765,Moonlight Market,2468 1357 8024 6913,UnionPay
543,Island,T1357,Enchanted Elegance,5555 4444 3333 2222,UnionPay
546,Urban,T4321,Whispering Woods Wares,9876 5432 1098 7654,American Express
549,Urban,T1357,Golden Harvest Goods,1111 2222 3333 4444,Discover
552,Coastal,T1234,Golden Harvest Goods,5555 4444 3333 2222,RuPay
555,West,T9876,Starry Night Supplies,1111 2222 3333 4444,Discover
558,Mountain,T2468,Moonlight Market,2468 1357 8024 6913,American Express
561,South,T9876,Silver Lining Store,1234 5678 9012 3456,American Express
564,South,T1357,Sunshine Emporium,9876 5432 1098 7654,RuPay
567,Central,T2468,Ocean Breeze Boutique,5555 4444 3333 2222,Visa
570,West,T1234,Rainbow Delights,5555 4444 3333 2222,Diners Club
573,Central,T2109,Moonlight Market,7777 8888 9999 0000,Visa
576,East,T1357,Mystic Meadows Merchants,1111 2222 3333 4444,Maestro
579,South,T2468,Enchanted Elegance,9876 5432 1098 7654,Maestro
582,Mountain,T8765,Golden Harvest Goods,9876 5432 1098 7654,UnionPay
585,Island,T1234,Golden Harvest Goods,1234 5678 9012 3456,UnionPay
588,Urban,T1234,Starry Night Supplies,9876 5432 1098 7654,Diners Club
591,Coastal,T6543,Rainbow Delights,1111 2222 3333 4444,RuPay
594,Rural,T5678,Golden Harvest Goods,1111 2222 3333 4444,Mastercard
597,Central,T7890,Moonlight Market,5555 4444 3333 2222,Mir
600,East,T1357,Enchanted Elegance,9999 8888 7777 6666,Discover
603,North,T1234,Silver Lining Store,2468 1357 8024 6913,Maestro
606,Coastal,T5678,Ocean Breeze Boutique,5555 4444 3333 2222,Discover
609,Rural,T8765,Ocean Breeze Boutique,7777 8888 9999 0000,JCB
612,East,T9876,Whispering Woods Wares,1234 5678 9012 3456,RuPay
615,South,T6543,Whispering Woods Wares,1111 2222 3333 4444,UnionPay
618,South,T1234,Starry Night Supplies,7777 8888 9999 0000,Diners Club
621,Coastal,T4321,Golden Harvest Goods,9999 8888 7777 6666,Visa
624,South,T2468,Sunshine Emporium,5555 4444 3333 2222,Diners Club
627,Rural,T2468,Mystic Meadows Merchants,1111 2222 3333 4444,American Express
630,Coastal,T2109,Starry Night Supplies,2468 1357 8024 6913,American Express
633,Urban,T7890,Sunshine Emporium,9876 5432 1098 7654,Discover
636,East,T2109,Sunshine Emporium,1234 5678 9012 3456,Mastercard
639,East,T9876,Starry Night Supplies,1234 5678 9012 3456,UnionPay
642,Mountain,T9876,Starry Night Supplies,7777 8888 9999 0000,Mastercard
645,Rural,T2109,Silver Lining Store,9876 5432 1098 7654,JCB
648,Rural,T5678,Sunshine Emporium,9999 8888 7777 6666,RuPay
651,Island,T7890,Sunshine Emporium,1357 2468 3579 4680,Maestro
654,Central,T9876,Mystic Meadows Merchants,2468 1357 8024 6913,Diners Club
657,West,T2109,Mystic Meadows Merchants,1234 5678 9012 3456,Discover
660,East,T2468,Enchanted Elegance,1234 5678 9012 3456,American Express
663,Urban,T2109,Ocean Breeze Boutique,1111 2222 3333 4444,Mastercard
666,Coastal,T2109,Rainbow Delights,9876 5432 1098 7654,RuPay
669,Island,T1234,Moonlight Market,1234 5678 9012 3456,Diners Club
672,West,T9876,Ocean Breeze Boutique,1111 2222 3333 4444,Mir
675,South,T6543,Golden Harvest Goods,1111 2222 3333 4444,Mir
678,Mountain,T1357,Silver Lining Store,1357 2468 3579 4680,Mastercard
681,Coastal,T1357,Silver Lining Store,1234 5678 9012 3456,Mir
684,North,T9876,Ocean Breeze Boutique,7777 8888 9999 0000,JCB
687,South,T4321,Moonlight Market,9999 8888 7777 6666,Visa
690,Mountain,T2109,Rainbow Delights,1111 2222 3333 4444,Diners Club
693,East,T1357,Rainbow Delights,2468 1357 8024 6913,Diners Club
696,Urban,T2109,Sunshine Emporium,9876 5432 1098 7654,Mastercard
699,Coastal,T7890,Whispering Woods Wares,1357 2468 3579 4680,UnionPay
702,Rural,T7890,Golden Harvest Goods,1234 5678 9012 3456,Maestro
705,East,T5678,Moonlight Market,9876 5432 1098 7654,Discover
708,Coastal,T9876,Moonlight Market,7777 8888 9999 0000,Mastercard
711,West,T8765,Sunshine Emporium,9999 8888 7777 6666,JCB
714,Coastal,T2468,Mystic Meadows Merchants,7777 8888 9999 0000,American Express
717,Rural,T9876,Whispering Woods Wares,9999 8888 7777 6666,Diners Club
720,North,T6543,Sunshine Emporium,1111 2222 3333 4444,Mastercard
723,Island,T2468,Rainbow Delights,2468 1357 8024 6913,UnionPay
726,North,T8765,Sunshine Emporium,1111 2222 3333 4444,Mir
729,Coastal,T6543,Silver Lining Store,9876 5432 1098 7654,JCB
732,South,T9876,Starry Night Supplies,1234 5678 9012 3456,Mastercard
735,North,T8765,Moonlight Market,9876 5432 1098 7654,American Express
738,South,T6543,Whispering Woods Wares,9876 5432 1098 7654,Maestro
741,West,T8765,Ocean Breeze Boutique,9876 5432 1098 7654,Mir
744,Island,T8765,Whispering Woods Wares,1357 2468 3579 4680,JCB
747,South,T1357,Rainbow Delights,7777 8888 9999 0000,Visa
750,South,T6543,Mystic Meadows Merchants,5555 4444 3333 2222,American Express
753,North,T9876,Silver Lining Store,5555 4444 3333 2222,Diners Club
756,East,T5678,Starry Night Supplies,7777 8888 9999 0000,American Express
759,Coastal,T8765,Ocean Breeze Boutique,1357 2468 3579 4680,Discover
762,Urban,T4321,Silver Lining Store,1234 5678 9012 3456,American Express
765,North,T1234,Starry Night Supplies,2468 1357 8024 6913,Visa
768,Central,T2109,Starry Night Supplies,1111 2222 3333 4444,Discover
771,North,T9876,Rainbow Delights,1357 2468 3579 4680,Diners Club
774,South,T2468,Sunshine Emporium,1234 5678 9012 3456,American Express
777,Coastal,T5678,Whispering Woods Wares,2468 1357 8024 6913,American Express
780,North,T6543,Silver Lining Store,2468 1357 8024 6913,Discover
783,Mountain,T9876,Starry Night Supplies,1234 5678 9012 3456,Mastercard
786,North,T1357,Silver Lining Store,9876 5432 1098 7654,Discover
789,Mountain,T9876,Whispering Woods Wares,9999 8888 7777 6666,Diners Club
792,Urban,T9876,Moonlight Market,9876 5432 1098 7654,JCB
795,Rural,T9876,Starry Night Supplies,1357 2468 3579 4680,RuPay
798,West,T2468,Silver Lining Store,7777 8888 9999 0000,RuPay
801,Rural,T1234,Silver Lining Store,9876 5432 1098 7654,Diners Club
804,South,T6543,Enchanted Elegance,1234 5678 9012 3456,RuPay
807,Coastal,T9876,Enchanted Elegance,1357 2468 3579 4680,American Express
810,Island,T9876,Golden Harvest Goods,2468 1357 8024 6913,Mastercard
813,South,T2109,Sunshine Emporium,7777 8888 9999 0000,American Express
816,Rural,T2468,Ocean Breeze Boutique,9999 8888 7777 6666,JCB
819,Central,T2109,Mystic Meadows Merchants,1234 5678 9012 3456,Diners Club
822,South,T6543,Rainbow Delights,9999 8888 7777 6666,Discover
825,Rural,T1357,Moonlight Market,7777 8888 9999 0000,Diners Club
828,West,T7890,Whispering Woods Wares,9876 5432 1098 7654,Visa
831,Urban,T9876,Ocean Breeze Boutique,1111 2222 3333 4444,Diners Club
834,Coastal,T8765,Sunshine Emporium,1111 2222 3333 4444,RuPay
837,Mountain,T7890,Enchanted Elegance,5555 4444 3333 2222,Discover
840,Urban,T6543,Starry Night Supplies,5555 4444 3333 2222,American Express
843,Coastal,T9876,Golden Harvest Goods,7777 8888 9999 0000,Maestro
846,Mountain,T2109,Rainbow Delights,5555 4444 3333 2222,Visa
849,Coastal,T6543,Mystic Meadows Merchants,2468 1357 8024 6913,Mir
852,Rural,T9876,Silver Lining Store,5555 4444 3333 2222,Discover
855,North,T5678,Sunshine Emporium,2468 1357 8024 6913,Mastercard
858,West,T9876,Mystic Meadows Merchants,1357 2468 3579 4680,Visa
861,South,T8765,Silver Lining Store,1111 2222 3333 4444,American Express
864,Mountain,T7890,Rainbow Delights,2468 1357 8024 6913,Mastercard
867,West,T5678,Mystic Meadows Merchants,1111 2222 3333 4444,UnionPay
870,Central,T2468,Rainbow Delights,9876 5432 1098 7654,Mir
873,North,T8765,Moonlight Market,9999 8888 7777 6666,Visa
876,Island,T2109,Ocean Breeze Boutique,9876 5432 1098 7654,RuPay
879,South,T9876,Rainbow Delights,2468 1357 8024 6913,Diners Club
882,Rural,T5678,Mystic Meadows Merchants,1234 5678 9012 3456,American Express
885,Central,T8765,Sunshine Emporium,1234 5678 9012 3456,Diners Club
888,Coastal,T9876,Ocean Breeze Boutique,9999 8888 7777 6666,Visa
891,West,T1357,Enchanted Elegance,9876 5432 1098 7654,Maestro
894,Central,T1234,Ocean Breeze Boutique,2468 1357 8024 6913,RuPay
897,Coastal,T5678,Mystic Meadows Merchants,1111 2222 3333 4444,American Express
900,Mountain,T2109,Rainbow Delights,1234 5678 9012 3456,Discover
903,Mountain,T9876,Starry Night Supplies,1111 2222 3333 4444,UnionPay
906,Mountain,T2109,Silver Lining Store,9876 5432 1098 7654,JCB
909,Mountain,T6543,Whispering Woods Wares,9999 8888 7777 6666,Mastercard
912,West,T1234,Golden Harvest Goods,7777 8888 9999 0000,JCB
915,East,T2109,Whispering Woods Wares,9999 8888 7777 6666,American Express
918,Rural,T2109,Golden Harvest Goods,1234 5678 9012 3456,JCB
921,Urban,T1234,Rainbow Delights,1357 2468 3579 4680,Mastercard
924,North,T6543,Whispering Woods Wares,9876 5432 1098 7654,UnionPay
927,Rural,T8765,Enchanted Elegance,2468 1357 8024 6913,UnionPay
930,Central,T1357,Moonlight Market,9999 8888 7777 6666,UnionPay
933,Central,T2468,Golden Harvest Goods,7777 8888 9999 0000,JCB
936,Urban,T2109,Mystic Meadows Merchants,9999 8888 7777 6666,JCB
939,Island,T9876,Golden Harvest Goods,7777 8888 9999 0000,RuPay
942,Rural,T1357,Silver Lining Store,9999 8888 7777 6666,Maestro
945,Rural,T6543,Enchanted Elegance,9876 5432 1098 7654,Mastercard
948,Mountain,T9876,Whispering Woods Wares,9876 5432 1098 7654,RuPay
951,Island,T5678,Whispering Woods Wares,2468 1357 8024 6913,JCB
954,Island,T7890,Silver Lining Store,1234 5678 9012 3456,Maestro
957,West,T9876,Starry Night Supplies,2468 1357 8024 6913,Maestro
960,North,T7890,Golden Harvest Goods,9876 5432 1098 7654,Mastercard
963,Mountain,T2468,Moonlight Market,2468 1357 8024 6913,Maestro
966,Urban,T1357,Silver Lining Store,9876 5432 1098 7654,Discover
969,Rural,T1234,Moonlight Market,2468 1357 8024 6913,Visa
972,Rural,T2468,Silver Lining Store,1357 2468 3579 4680,JCB
975,West,T5678,Enchanted Elegance,9999 8888 7777 6666,Discover
978,East,T5678,Mystic Meadows Merchants,2468 1357 8024 6913,Mir
981,Coastal,T2468,Starry Night Supplies,9876 5432 1098 7654,Mir
984,East,T7890,Silver Lining Store,1234 5678 9012 3456,Mastercard
987,West,T1234,Ocean Breeze Boutique,9999 8888 7777 6666,JCB
990,Rural,T4321,Moonlight Market,1111 2222 3333 4444,JCB
993,Mountain,T1357,Starry Night Supplies,1234 5678 9012 3456,Mir
996,South,T7890,Rainbow Delights,1111 2222 3333 4444,Visa
999,North,T4321,Rainbow Delights,2468 1357 8024 6913,Diners Club
1002,Coastal,T7890,Sunshine Emporium,2468 1357 8024 6913,Mir
1005,North,T2468,Enchanted Elegance,2468 1357 8024 6913,Diners Club
1008,Coastal,T1357,Mystic Meadows Merchants,1111 2222 3333 4444,Visa
1011,Central,T8765,Starry Night Supplies,9876 5432 1098 7654,Maestro
1014,West,T5678,Rainbow Delights,5555 4444 3333 2222,Diners Club
1017,Mountain,T8765,Silver Lining Store,1357 2468 3579 4680,Maestro
1020,West,T9876,Silver Lining Store,7777 8888 9999 0000,JCB
1023,South,T2109,Mystic Meadows Merchants,9876 5432 1098 7654,American Express
1026,North,T2109,Enchanted Elegance,1357 2468 3579 4680,Mastercard
1029,Coastal,T7890,Starry Night Supplies,2468 1357 8024 6913,Diners Club
1032,Island,T8765,Moonlight Market,1234 5678 9012 3456,UnionPay
1035,North,T6543,Moonlight Market,9876 5432 1098 7654,Mastercard
1038,North,T4321,Silver Lining Store,5555 4444 3333 2222,UnionPay
1041,East,T2468,Enchanted Elegance,5555 4444 3333 2222,RuPay
1044,Mountain,T8765,Golden Harvest Goods,1357 2468 3579 4680,Discover
1047,Mountain,T9876,Moonlight Market,1111 2222 3333 4444,UnionPay
1050,South,T4321,Whispering Woods Wares,1234 5678 9012 3456,Discover
1053,Central,T5678,Enchanted Elegance,1111 2222 3333 4444,UnionPay
1056,Island,T1357,Whispering Woods Wares,9876 5432 1098 7654,Diners Club
1059,Coastal,T2468,Ocean Breeze Boutique,7777 8888 9999 0000,RuPay
1062,East,T1357,Enchanted Elegance,5555 4444 3333 2222,Maestro
1065,Mountain,T4321,Starry Night Supplies,9876 5432 1098 7654,Maestro
1068,Urban,T9876,Ocean Breeze Boutique,1234 5678 9012 3456,Diners Club
1071,Rural,T9876,Enchanted Elegance,9876 5432 1098 7654,RuPay
1074,Mountain,T8765,Sunshine Emporium,9999 8888 7777 6666,Visa
1077,Island,T5678,Golden Harvest Goods,7777 8888 9999 0000,Mir
1080,Island,T8765,Sunshine Emporium,9876 5432 1098 7654,American Express
1083,Urban,T2109,Mystic Meadows Merchants,9876 5432 1098 7654,Discover
1086,Coastal,T7890,Golden Harvest Goods,2468 1357 8024 6913,Mastercard
1089,North,T1234,Starry Night Supplies,9876 5432 1098 7654,Diners Club
1092,West,T7890,Ocean Breeze Boutique,1357 2468 3579 4680,JCB
1095,Island,T2468,Silver Lining Store,1111 2222 3333 4444,UnionPay
1098,Mountain,T6543,Golden Harvest Goods,2468 1357 8024 6913,American Express
1101,Urban,T1357,Sunshine Emporium,5555 4444 3333 2222,Visa
1104,West,T8765,Golden Harvest Goods,9876 5432 1098 7654,JCB
1107,North,T8765,Silver Lining Store,1111 2222 3333 4444,Visa
1110,Coastal,T9876,Rainbow Delights,9876 5432 1098 7654,American Express
1113,Mountain,T8765,Moonlight Market,9876 5432 1098 7654,RuPay
1116,Urban,T2109,Ocean Breeze Boutique,5555 4444 3333 2222,Discover
1119,Coastal,T2468,Golden Harvest Goods,7777 8888 9999 0000,Maestro
1122,Rural,T8765,Mystic Meadows Merchants,1234 5678 9012 3456,American Express
1125,Island,T9876,Whispering Woods Wares,1357 2468 3579 4680,JCB
1128,Island,T9876,Enchanted Elegance,1357 2468 3579 4680,RuPay
1131,North,T5678,Rainbow Delights,1357 2468 3579 4680,RuPay
1134,Island,T1234,Golden Harvest Goods,5555 4444 3333 2222,Diners Club
1137,West,T1357,Sunshine Emporium,1357 2468 3579 4680,RuPay
1140,North,T7890,Golden Harvest Goods,7777 8888 9999 0000,Maestro
1143,North,T5678,Mystic Meadows Merchants,1357 2468 3579 4680,Visa
1146,Island,T2109,Golden Harvest Goods,2468 1357 8024 6913,Diners Club
1149,East,T8765,Mystic Meadows Merchants,2468 1357 8024 6913,Mir
1152,Coastal,T9876,Silver Lining Store,1234 5678 9012 3456,RuPay
1155,West,T7890,Enchanted Elegance,2468 1357 8024 6913,Maestro
1158,Central,T1357,Rainbow Delights,7777 8888 9999 0000,RuPay
1161,Urban,T8765,Starry Night Supplies,9876 5432 1098 7654,JCB
1164,Coastal,T9876,Enchanted Elegance,1111 2222 3333 4444,Discover
1167,Urban,T8765,Whispering Woods Wares,2468 1357 8024 6913,Visa
1170,Central,T4321,Sunshine Emporium,9999 8888 7777 6666,American Express
1173,North,T9876,Rainbow Delights,1234 5678 9012 3456,RuPay
1176,South,T2109,Whispering Woods Wares,1357 2468 3579 4680,Maestro
1179,Rural,T5678,Sunshine Emporium,9876 5432 1098 7654,Discover
1182,Island,T2468,Rainbow Delights,7777 8888 9999 0000,RuPay
1185,Rural,T9876,Whispering Woods Wares,7777 8888 9999 0000,Diners Club
1188,Urban,T6543,Whispering Woods Wares,9876 5432 1098 7654,Diners Club
1191,Central,T5678,Ocean Breeze Boutique,1234 5678 9012 3456,Diners Club
1194,East,T4321,Golden Harvest Goods,1357 2468 3579 4680,Discover
1197,Rural,T1234,Silver Lining Store,9876 5432 1098 7654,RuPay
1200,Island,T2468,Ocean Breeze Boutique,9876 5432 1098 7654,JCB
1203,Central,T8765,Sunshine Emporium,1111 2222 3333 4444,Mastercard
1206,South,T5678,Mystic Meadows Merchants,9876 5432 1098 7654,Mir
1209,Mountain,T6543,Sunshine Emporium,1234 5678 9012 3456,Diners Club
1212,Urban,T1234,Whispering Woods Wares,9876 5432 1098 7654,Visa
1215,Central,T7890,Mystic Meadows Merchants,1234 5678 9012 3456,JCB
1218,East,T1234,Starry Night Supplies,1234 5678 9012 3456,RuPay
1221,Mountain,T6543,Mystic Meadows Merchants,1234 5678 9012 3456,Visa
1224,North,T6543,Rainbow Delights,7777 8888 9999 0000,UnionPay
1227,Coastal,T8765,Moonlight Market,9999 8888 7777 6666,Mastercard
1230,Central,T1234,Moonlight Market,9876 5432 1098 7654,UnionPay
1233,Rural,T6543,Mystic Meadows Merchants,7777 8888 9999 0000,Visa
1236,Island,T2109,Moonlight Market,1234 5678 9012 3456,Maestro
1239,East,T6543,Starry Night Supplies,1111 2222 3333 4444,Visa
1242,Island,T2109,Moonlight Market,1234 5678 9012 3456,JCB
1245,Mountain,T7890,Mystic Meadows Merchants,9876 5432 1098 7654,Diners Club
1248,North,T8765,Golden Harvest Goods,9876 5432 1098 7654,UnionPay
1251,North,T8765,Whispering Woods Wares,5555 4444 3333 2222,Visa
1254,West,T7890,Mystic Meadows Merchants,7777 8888 9999 0000,Visa
1257,Rural,T2109,Ocean Breeze Boutique,9876 5432 1098 7654,American Express
1260,Urban,T1357,Enchanted Elegance,9999 8888 7777 6666,American Express
1263,Urban,T4321,Enchanted Elegance,1357 2468 3579 4680,Mir
1266,Central,T5678,Moonlight Market,9876 5432 1098 7654,Maestro
1269,West,T1234,Silver Lining Store,9876 5432 1098 7654,Maestro
1272,Urban,T2109,Enchanted Elegance,1357 2468 3579 4680,JCB
1275,South,T9876,Whispering Woods Wares,1357 2468 3579 4680,Mir
1278,East,T7890,Golden Harvest Goods,9999 8888 7777 6666,JCB
1281,East,T6543,Starry Night Supplies,1357 2468 3579 4680,Mastercard
1284,Coastal,T8765,Moonlight Market,1357 2468 3579 4680,Maestro
1287,South,T5678,Mystic Meadows Merchants,1111 2222 3333 4444,JCB
1290,West,T4321,Ocean Breeze Boutique,9876 5432 1098 7654,American Express
1293,Urban,T1234,Rainbow Delights,5555 4444 3333 2222,Visa
1296,Rural,T6543,Ocean Breeze Boutique,1234 5678 9012 3456,American Express
1299,Urban,T6543,Rainbow Delights,9876 5432 1098 7654,Visa
1302,Urban,T2109,Sunshine Emporium,5555 4444 3333 2222,Maestro
1305,West,T1357,Whispering Woods Wares,7777 8888 9999 0000,Maestro
1308,East,T1357,Ocean Breeze Boutique,9876 5432 1098 7654,JCB
1311,North,T2468,Ocean Breeze Boutique,1357 2468 3579 4680,UnionPay
1314,South,T2468,Moonlight Market,2468 1357 8024 6913,UnionPay
1317,Central,T1234,Starry Night Supplies,1234 5678 9012 3456,Visa
1320,Mountain,T4321,Starry Night Supplies,5555 4444 3333 2222,Diners Club
1323,South,T6543,Starry Night Supplies,1357 2468 3579 4680,Mastercard
1326,East,T1357,Ocean Breeze Boutique,1234 5678 9012 3456,Mir
1329,Rural,T1234,Ocean Breeze Boutique,1234 5678 9012 3456,Discover
1332,Rural,T9876,Enchanted Elegance,1234 5678 9012 3456,UnionPay
1335,Urban,T1234,Ocean Breeze Boutique,5555 4444 3333 2222,JCB
1338,East,T2468,Starry Night Supplies,7777 8888 9999 0000,UnionPay
1341,Rural,T8765,Rainbow Delights,1234 5678 9012 3456,American Express
1344,North,T6543,Mystic Meadows Merchants,9999 8888 7777 6666,UnionPay
1347,West,T9876,Ocean Breeze Boutique,1111 2222 3333 4444,Mir
1350,Rural,T1234,Mystic Meadows Merchants,1234 5678 9012 3456,JCB
1353,Mountain,T5678,Ocean Breeze Boutique,1234 5678 9012 3456,UnionPay
1356,Mountain,T9876,Starry Night Supplies,5555 4444 3333 2222,RuPay
1359,Rural,T4321,Ocean Breeze Boutique,2468 1357 8024 6913,Discover
1362,Island,T8765,Mystic Meadows Merchants,1111 2222 3333 4444,Discover
1365,Mountain,T2468,Enchanted Elegance,2468 1357 8024 6913,JCB
1368,Rural,T7890,Moonlight Market,9999 8888 7777 6666,JCB
1371,West,T8765,Silver Lining Store,9876 5432 1098 7654,Discover
1374,South,T1234,Starry Night Supplies,9876 5432 1098 7654,Discover
1377,Island,T6543,Starry Night Supplies,1357 2468 3579 4680,Mir
1380,Island,T4321,Mystic Meadows Merchants,1111 2222 3333 4444,UnionPay
1383,Coastal,T2468,Golden Harvest Goods,1357 2468 3579 4680,Mastercard
1386,South,T8765,Rainbow Delights,1234 5678 9012 3456,Diners Club
1389,Coastal,T8765,Moonlight Market,9999 8888 7777 6666,Visa
1392,Central,T2109,Moonlight Market,1111 2222 3333 4444,Visa
1395,South,T8765,Starry Night Supplies,9876 5432 1098 7654,JCB
1398,Coastal,T5678,Starry Night Supplies,1111 2222 3333 4444,Mastercard
1401,North,T8765,Whispering Woods Wares,1234 5678 9012 3456,Mir
1404,Island,T5678,Golden Harvest Goods,1357 2468 3579 4680,RuPay
1407,North,T9876,Moonlight Market,1357 2468 3579 4680,Maestro
1410,East,T8765,Starry Night Supplies,9876 5432 1098 7654,Diners Club
1413,Central,T4321,Sunshine Emporium,2468 1357 8024 6913,UnionPay
1416,Urban,T6543,Sunshine Emporium,2468 1357 8024 6913,JCB
1419,Island,T7890,Ocean Breeze Boutique,7777 8888 9999 0000,Mir
1422,East,T4321,Golden Harvest Goods,1234 5678 9012 3456,Diners Club
1425,Urban,T2468,Mystic Meadows Merchants,9876 5432 1098 7654,Maestro
1428,Central,T1234,Starry Night Supplies,1234 5678 9012 3456,Mir
1431,North,T2468,Moonlight Market,1357 2468 3579 4680,UnionPay
1434,Mountain,T8765,Enchanted Elegance,9999 8888 7777 6666,Visa
1437,Urban,T2468,Enchanted Elegance,1357 2468 3579 4680,American Express
1440,Coastal,T5678,Whispering Woods Wares,1234 5678 9012 3456,JCB
1443,Urban,T4321,Golden Harvest Goods,9876 5432 1098 7654,Maestro
1446,Island,T9876,Enchanted Elegance,1234 5678 9012 3456,American Express
1449,Mountain,T2109,Whispering Woods Wares,1234 5678 9012 3456,JCB
1452,North,T1357,Mystic Meadows Merchants,9876 5432 1098 7654,RuPay
1455,Mountain,T7890,Ocean Breeze Boutique,1234 5678 9012 3456,Diners Club
1458,Island,T6543,Ocean Breeze Boutique,9876 5432 1098 7654,Visa
1461,Mountain,T1234,Enchanted Elegance,1234 5678 9012 3456,Visa
1464,South,T9876,Enchanted Elegance,2468 1357 8024 6913,Mastercard
1467,Mountain,T1234,Rainbow Delights,1234 5678 9012 3456,UnionPay
1470,North,T5678,Starry Night Supplies,9876 5432 1098 7654,Mir
1473,Coastal,T1234,Ocean Breeze Boutique,1234 5678 9012 3456,Discover
1476,Central,T9876,Moonlight Market,5555 4444 3333 2222,RuPay
1479,Mountain,T2468,Starry Night Supplies,1111 2222 3333 4444,JCB
1482,North,T6543,Mystic Meadows Merchants,5555 4444 3333 2222,Mastercard
1485,Mountain,T1234,Starry Night Supplies,1234 5678 9012 3456,Diners Club
1488,North,T7890,Starry Night Supplies,1234 5678 9012 3456,JCB
1491,West,T4321,Ocean Breeze Boutique,1111 2222 3333 4444,Discover
1494,Urban,T2109,Starry Night Supplies,1234 5678 9012 3456,Maestro
1497,Urban,T1357,Whispering Woods Wares,7777 8888 9999 0000,RuPay
1500,Coastal,T5678,Silver Lining Store,1234 5678 9012 3456,Mastercard
1503,South,T1357,Mystic Meadows Merchants,9876 5432 1098 7654,Mastercard
1506,South,T1357,Enchanted Elegance,9999 8888 7777 6666,American Express
1509,West,T4321,Enchanted Elegance,5555 4444 3333 2222,Maestro
1512,Central,T1357,Golden Harvest Goods,1234 5678 9012 3456,Maestro
1515,East,T2109,Sunshine Emporium,1111 2222 3333 4444,JCB
1518,West,T1234,Rainbow Delights,2468 1357 8024 6913,Discover
1521,Rural,T2468,Ocean Breeze Boutique,5555 4444 3333 2222,JCB
1524,South,T4321,Sunshine Emporium,5555 4444 3333 2222,Visa
1527,Urban,T1234,Mystic Meadows Merchants,9876 5432 1098 7654,Maestro
1530,Coastal,T6543,Sunshine Emporium,9876 5432 1098 7654,JCB
1533,Central,T2468,Rainbow Delights,1234 5678 9012 3456,Discover
1536,Rural,T2109,Golden Harvest Goods,1234 5678 9012 3456,Maestro
1539,West,T7890,Ocean Breeze Boutique,9876 5432 1098 7654,American Express
1542,North,T8765,Mystic Meadows Merchants,1357 2468 3579 4680,Visa
1545,East,T4321,Enchanted Elegance,9999 8888 7777 6666,Maestro
1548,North,T2468,Enchanted Elegance,9999 8888 7777 6666,Mir
1551,South,T5678,Whispering Woods Wares,7777 8888 9999 0000,Mastercard
1554,Island,T6543,Starry Night Supplies,9876 5432 1098 7654,Visa
1557,South,T1234,Golden Harvest Goods,1357 2468 3579 4680,Discover
1560,Mountain,T2468,Ocean Breeze Boutique,7777 8888 9999 0000,Discover
1563,North,T1357,Moonlight Market,1357 2468 3579 4680,American Express
1566,West,T1234,Whispering Woods Wares,9876 5432 1098 7654,RuPay
1569,Mountain,T2109,Rainbow Delights,1111 2222 3333 4444,Discover
1572,East,T1234,Rainbow Delights,1234 5678 9012 3456,Mir
1575,South,T2468,Silver Lining Store,1234 5678 9012 3456,JCB
1578,West,T2468,Sunshine Emporium,2468 1357 8024 6913,JCB
1581,East,T2468,Golden Harvest Goods,9999 8888 7777 6666,UnionPay
1584,Central,T1357,Golden Harvest Goods,2468 1357 8024 6913,Discover
1587,North,T6543,Mystic Meadows Merchants,9999 8888 7777 6666,American Express
1590,Mountain,T2109,Moonlight Market,1111 2222 3333 4444,RuPay
1593,South,T2468,Sunshine Emporium,1234 5678 9012 3456,Mir
1596,Coastal,T1357,Enchanted Elegance,2468 1357 8024 6913,Diners Club
1599,Rural,T1357,Enchanted Elegance,1111 2222 3333 4444,Maestro
1602,West,T8765,Rainbow Delights,1234 5678 9012 3456,RuPay
1605,Island,T6543,Sunshine Emporium,9876 5432 1098 7654,RuPay
1608,South,T1357,Starry Night Supplies,1234 5678 9012 3456,American Express
1611,North,T5678,Rainbow Delights,5555 4444 3333 2222,RuPay
1614,Central,T2468,Whispering Woods Wares,9876 5432 1098 7654,UnionPay
1617,Mountain,T7890,Whispering Woods Wares,1234 5678 9012 3456,Diners Club
1620,North,T9876,Ocean Breeze Boutique,9876 5432 1098 7654,JCB
1623,West,T4321,Moonlight Market,1357 2468 3579 4680,Discover
1626,Mountain,T6543,Mystic Meadows Merchants,7777 8888 9999 0000,UnionPay
1629,Urban,T1234,Whispering Woods Wares,1234 5678 9012 3456,RuPay
1632,Island,T9876,Rainbow Delights,1234 5678 9012 3456,JCB
1635,Rural,T2468,Enchanted Elegance,1111 2222 3333 4444,UnionPay
1638,Urban,T7890,Ocean Breeze Boutique,9999 8888 7777 6666,Mastercard
1641,Coastal,T1357,Mystic Meadows Merchants,1357 2468 3579 4680,American Express
1644,West,T2109,Golden Harvest Goods,7777 8888 9999 0000,Maestro
1647,North,T5678,Sunshine Emporium,2468 1357 8024 6913,RuPay
1650,Coastal,T2468,Mystic Meadows Merchants,1357 2468 3579 4680,Discover
1653,Rural,T1234,Golden Harvest Goods,9876 5432 1098 7654,Mastercard
1656,Island,T5678,Sunshine Emporium,9999 8888 7777 6666,American Express
1659,South,T9876,Moonlight Market,1234 5678 9012 3456,Maestro
1662,West,T1234,Sunshine Emporium,1111 2222 3333 4444,American Express
1665,West,T6543,Ocean Breeze Boutique,1111 2222 3333 4444,Visa
1668,Rural,T2109,Moonlight Market,7777 8888 9999 0000,Mir
1671,Rural,T2468,Moonlight Market,7777 8888 9999 0000,UnionPay
1674,West,T6543,Sunshine Emporium,5555 4444 3333 2222,American Express
1677,West,T9876,Enchanted Elegance,1234 5678 9012 3456,Diners Club
1680,Island,T4321,Mystic Meadows Merchants,1111 2222 3333 4444,Visa
1683,Urban,T2468,Enchanted Elegance,9876 5432 1098 7654,Mastercard
1686,Mountain,T5678,Golden Harvest Goods,2468 1357 8024 6913,Mir
1689,Central,T2109,Moonlight Market,1357 2468 3579 4680,Visa
1692,Rural,T5678,Moonlight Market,7777 8888 9999 0000,UnionPay
1695,East,T2468,Sunshine Emporium,9876 5432 1098 7654,UnionPay
1698,Urban,T1234,Enchanted Elegance,1234 5678 9012 3456,Mastercard
1701,North,T9876,Mystic Meadows Merchants,9999 8888 7777 6666,Visa
1704,West,T1234,Moonlight Market,1234 5678 9012 3456,Mir
1707,East,T1234,Mystic Meadows Merchants,1234 5678 9012 3456,Discover
1710,East,T5678,Ocean Breeze Boutique,2468 1357 8024 6913,RuPay
1713,Central,T5678,Ocean Breeze Boutique,1234 5678 9012 3456,RuPay
1716,Island,T1357,Whispering Woods Wares,2468 1357 8024 6913,Visa
1719,Rural,T2468,Starry Night Supplies,9876 5432 1098 7654,UnionPay
1722,Rural,T8765,Enchanted Elegance,9999 8888 7777 6666,Visa
1725,Coastal,T7890,Sunshine Emporium,9876 5432 1098 7654,Visa
1728,Mountain,T1234,Moonlight Market,9876 5432 1098 7654,Discover
1731,Central,T7890,Mystic Meadows Merchants,2468 1357 8024 6913,RuPay
1734,West,T4321,Rainbow Delights,1234 5678 9012 3456,American Express
1737,Coastal,T2109,Mystic Meadows Merchants,5555 4444 3333 2222,Diners Club
1740,Urban,T5678,Sunshine Emporium,1234 5678 9012 3456,Mastercard
1743,Coastal,T8765,Ocean Breeze Boutique,2468 1357 8024 6913,Mir
1746,Mountain,T2468,Whispering Woods Wares,1357 2468 3579 4680,Maestro
1749,Island,T5678,Golden Harvest Goods,9999 8888 7777 6666,Discover
1752,West,T2468,Golden Harvest Goods,5555 4444 3333 2222,Maestro
1755,Rural,T7890,Ocean Breeze Boutique,9999 8888 7777 6666,Diners Club
1758,Central,T4321,Ocean Breeze Boutique,9876 5432 1098 7654,UnionPay
1761,East,T9876,Mystic Meadows Merchants,1234 5678 9012 3456,Mir
1764,South,T1357,Mystic Meadows Merchants,7777 8888 9999 0000,Diners Club
1767,Coastal,T1357,Starry Night Supplies,5555 4444 3333 2222,Discover
1770,South,T1234,Ocean Breeze Boutique,9876 5432 1098 7654,Mir
1773,Central,T2468,Rainbow Delights,1234 5678 9012 3456,Discover
1776,Mountain,T1234,Rainbow Delights,9876 5432 1098 7654,UnionPay
1779,North,T4321,Starry Night Supplies,5555 4444 3333 2222,UnionPay
1782,South,T1357,Ocean Breeze Boutique,2468 1357 8024 6913,American Express
1785,Rural,T9876,Golden Harvest Goods,1234 5678 9012 3456,American Express
1788,Urban,T1357,Enchanted Elegance,9876 5432 1098 7654,JCB
1791,South,T4321,Enchanted Elegance,1234 5678 9012 3456,Diners Club
1794,Mountain,T1234,Starry Night Supplies,7777 8888 9999 0000,Maestro
1797,Mountain,T5678,Silver Lining Store,9876 5432 1098 7654,Visa
1800,Rural,T4321,Rainbow Delights,9876 5432 1098 7654,Diners Club
1803,Island,T7890,Ocean Breeze Boutique,2468 1357 8024 6913,UnionPay
1806,North,T1357,Silver Lining Store,1357 2468 3579 4680,Discover
1809,Coastal,T2109,Sunshine Emporium,5555 4444 3333 2222,Maestro
1812,Central,T2109,Moonlight Market,1357 2468 3579 4680,Visa
1815,Island,T1234,Whispering Woods Wares,9876 5432 1098 7654,JCB
1818,Coastal,T1357,Rainbow Delights,9876 5432 1098 7654,Maestro
1821,South,T7890,Whispering Woods Wares,5555 4444 3333 2222,Mir
1824,Central,T8765,Whispering Woods Wares,1111 2222 3333 4444,Mastercard
1827,Mountain,T1234,Ocean Breeze Boutique,1357 2468 3579 4680,Mir
1830,Island,T1234,Ocean Breeze Boutique,2468 1357 8024 6913,American Express
1833,Mountain,T2468,Silver Lining Store,1234 5678 9012 3456,Mastercard
1836,Rural,T9876,Starry Night Supplies,1357 2468 3579 4680,American Express
1839,Rural,T6543,Enchanted Elegance,2468 1357 8024 6913,Mir
1842,East,T1357,Golden Harvest Goods,1234 5678 9012 3456,Discover
1845,Urban,T1357,Mystic Meadows Merchants,1111 2222 3333 4444,UnionPay
1848,Coastal,T5678,Ocean Breeze Boutique,1234 5678 9012 3456,Visa
1851,Central,T4321,Moonlight Market,1234 5678 9012 3456,American Express
1854,Coastal,T1357,Whispering Woods Wares,9876 5432 1098 7654,RuPay
1857,Urban,T8765,Whispering Woods Wares,7777 8888 9999 0000,RuPay
1860,Urban,T9876,Golden Harvest Goods,2468 1357 8024 6913,UnionPay
1863,South,T8765,Whispering Woods Wares,7777 8888 9999 0000,Mir
1866,East,T6543,Ocean Breeze Boutique,7777 8888 9999 0000,Diners Club
1869,Mountain,T1357,Moonlight Market,5555 4444 3333 2222,Discover
1872,North,T5678,Whispering Woods Wares,1234 5678 9012 3456,Diners Club
1875,South,T1234,Golden Harvest Goods,1111 2222 3333 4444,Mir
1878,South,T2468,Whispering Woods Wares,1234 5678 9012 3456,Discover
1881,Urban,T8765,Ocean Breeze Boutique,9999 8888 7777 6666,UnionPay
1884,West,T1357,Golden Harvest Goods,1234 5678 9012 3456,JCB
1887,Coastal,T4321,Moonlight Market,5555 4444 3333 2222,Mastercard
1890,North,T6543,Enchanted Elegance,9876 5432 1098 7654,UnionPay
1893,Island,T6543,Enchanted Elegance,1111 2222 3333 4444,Maestro
1896,South,T1357,Whispering Woods Wares,9876 5432 1098 7654,RuPay
1899,North,T1234,Ocean Breeze Boutique,1111 2222 3333 4444,Mastercard
1902,Central,T5678,Enchanted Elegance,1234 5678 9012 3456,Visa
1905,Urban,T8765,Sunshine Emporium,9876 5432 1098 7654,RuPay
1908,Coastal,T9876,Sunshine Emporium,9876 5432 1098 7654,Visa
1911,Coastal,T1234,Golden Harvest Goods,1234 5678 9012 3456,Mir
1914,Rural,T6543,Ocean Breeze Boutique,7777 8888 9999 0000,Diners Club
1917,East,T5678,Sunshine Emporium,1234 5678 9012 3456,Visa
1920,Island,T1357,Silver Lining Store,1234 5678 9012 3456,RuPay
1923,East,T1234,Moonlight Market,9999 8888 7777 6666,Mir
1926,North,T1234,Moonlight Market,2468 1357 8024 6913,Discover
1929,Coastal,T9876,Golden Harvest Goods,2468 1357 8024 6913,Visa
1932,Coastal,T7890,Enchanted Elegance,5555 4444 3333 2222,UnionPay
1935,Urban,T8765,Mystic Meadows Merchants,9876 5432 1098 7654,Mastercard
1938,Urban,T2109,Mystic Meadows Merchants,9999 8888 7777 6666,Mir
1941,West,T2109,Rainbow Delights,9999 8888 7777 6666,UnionPay
1944,South,T4321,Silver Lining Store,1234 5678 9012 3456,Visa
1947,East,T2109,Golden Harvest Goods,5555 4444 3333 2222,JCB
1950,Mountain,T7890,Rainbow Delights,9999 8888 7777 6666,Mir
1953,Rural,T5678,Ocean Breeze Boutique,1357 2468 3579 4680,American Express
1956,Island,T5678,Golden Harvest Goods,1111 2222 3333 4444,Visa
1959,Rural,T8765,Enchanted Elegance,7777 8888 9999 0000,Diners Club
1962,North,T2468,Enchanted Elegance,9876 5432 1098 7654,JCB
1965,Mountain,T1357,Moonlight Market,9999 8888 7777 6666,Discover
1968,Island,T6543,Whispering Woods Wares,1234 5678 9012 3456,Discover
1971,East,T1234,Starry Night Supplies,1111 2222 3333 4444,UnionPay
1974,Mountain,T2109,Moonlight Market,1357 2468 3579 4680,Maestro
1977,Coastal,T4321,Starry Night Supplies,1357 2468 3579 4680,UnionPay
1980,Central,T1234,Silver Lining Store,9876 5432 1098 7654,Visa
1983,East,T1234,Moonlight Market,1111 2222 3333 4444,RuPay
1986,Rural,T4321,Ocean Breeze Boutique,1111 2222 3333 4444,Discover
1989,Central,T1234,Sunshine Emporium,1357 2468 3579 4680,Mir
1992,Urban,T7890,Moonlight Market,9876 5432 1098 7654,Visa
1995,South,T2109,Starry Night Supplies,1234 5678 9012 3456,Mir
1998,Central,T8765,Enchanted Elegance,9999 8888 7777 6666,UnionPay
2001,Mountain,T2468,Whispering Woods Wares,1234 5678 9012 3456,American Express
2004,Rural,T6543,Enchanted Elegance,9876 5432 1098 7654,Maestro
2007,Urban,T2468,Ocean Breeze Boutique,9999 8888 7777 6666,Mastercard
2010,West,T2468,Ocean Breeze Boutique,1234 5678 9012 3456,JCB
2013,South,T2468,Silver Lining Store,1234 5678 9012 3456,Visa
2016,East,T6543,Ocean Breeze Boutique,5555 4444 3333 2222,Diners Club
2019,Island,T1357,Rainbow Delights,1111 2222 3333 4444,Maestro
2022,Coastal,T8765,Mystic Meadows Merchants,9876 5432 1098 7654,American Express
2025,Central,T4321,Enchanted Elegance,5555 4444 3333 2222,Maestro
2028,West,T8765,Rainbow Delights,7777 8888 9999 0000,American Express
2031,East,T4321,Rainbow Delights,1111 2222 3333 4444,Mastercard
2034,South,T7890,Silver Lining Store,1234 5678 9012 3456,UnionPay
2037,Island,T2468,Mystic Meadows Merchants,1111 2222 3333 4444,Maestro
2040,South,T9876,Mystic Meadows Merchants,7777 8888 9999 0000,Diners Club
2043,West,T8765,Starry Night Supplies,1357 2468 3579 4680,Visa
2046,Central,T1234,Mystic Meadows Merchants,7777 8888 9999 0000,Maestro
2049,Island,T7890,Ocean Breeze Boutique,9876 5432 1098 7654,RuPay
2052,Central,T6543,Sunshine Emporium,7777 8888 9999 0000,RuPay
2055,South,T4321,Ocean Breeze Boutique,9999 8888 7777 6666,Discover
2058,Coastal,T1357,Golden Harvest Goods,1234 5678 9012 3456,Mir
2061,Island,T8765,Golden Harvest Goods,1234 5678 9012 3456,Maestro
2064,East,T4321,Golden Harvest Goods,1111 2222 3333 4444,Visa
2067,Urban,T7890,Moonlight Market,9876 5432 1098 7654,Mir
2070,West,T1357,Rainbow Delights,9876 5432 1098 7654,Mir
2073,Mountain,T8765,Sunshine Emporium,1234 5678 9012 3456,JCB
2076,Mountain,T8765,Golden Harvest Goods,9999 8888 7777 6666,Diners Club
2079,Central,T1234,Golden Harvest Goods,5555 4444 3333 2222,Mir
2082,Coastal,T7890,Golden Harvest Goods,5555 4444 3333 2222,Visa
2085,Urban,T7890,Ocean Breeze Boutique,7777 8888 9999 0000,American Express
2088,North,T7890,Enchanted Elegance,9999 8888 7777 6666,Discover
2091,North,T2468,Silver Lining Store,1234 5678 9012 3456,Discover
2094,West,T7890,Starry Night Supplies,9876 5432 1098 7654,Discover
2097,South,T1234,Silver Lining Store,1111 2222 3333 4444,JCB
2100,Mountain,T7890,Silver Lining Store,9999 8888 7777 6666,Maestro
2103,Central,T1357,Mystic Meadows Merchants,2468 1357 8024 6913,American Express
2106,West,T1234,Starry Night Supplies,1357 2468 3579 4680,UnionPay
2109,West,T6543,Rainbow Delights,1234 5678 9012 3456,Mastercard
2112,South,T1357,Starry Night Supplies,7777 8888 9999 0000,UnionPay
2115,North,T7890,Golden Harvest Goods,1234 5678 9012 3456,UnionPay
2118,Mountain,T4321,Mystic Meadows Merchants,9876 5432 1098 7654,RuPay
2121,Island,T8765,Silver Lining Store,1234 5678 9012 3456,Mir
2124,East,T2109,Ocean Breeze Boutique,1357 2468 3579 4680,Mir
2127,South,T1357,Enchanted Elegance,7777 8888 9999 0000,Visa
2130,Rural,T7890,Rainbow Delights,9876 5432 1098 7654,Discover
2133,Coastal,T1234,Moonlight Market,9876 5432 1098 7654,Mastercard
2136,Island,T2468,Mystic Meadows Merchants,1234 5678 9012 3456,JCB
2139,Coastal,T9876,Mystic Meadows Merchants,1234 5678 9012 3456,RuPay
2142,Central,T8765,Enchanted Elegance,9876 5432 1098 7654,RuPay
2145,West,T2468,Sunshine Emporium,7777 8888 9999 0000,Diners Club
2148,Rural,T1357,Moonlight Market,9876 5432 1098 7654,Diners Club
2151,Mountain,T7890,Sunshine Emporium,1234 5678 9012 3456,RuPay
2154,Mountain,T4321,Sunshine Emporium,9876 5432 1098 7654,Diners Club
2157,Rural,T6543,Ocean Breeze Boutique,1234 5678 9012 3456,UnionPay
2160,Urban,T1357,Golden Harvest Goods,1111 2222 3333 4444,JCB
2163,North,T9876,Mystic Meadows Merchants,9999 8888 7777 6666,American Express
2166,South,T2109,Mystic Meadows Merchants,2468 1357 8024 6913,Maestro
2169,Central,T2468,Sunshine Emporium,9999 8888 7777 6666,Maestro
2172,Island,T6543,Moonlight Market,1357 2468 3579 4680,Discover
2175,West,T1234,Moonlight Market,9876 5432 1098 7654,JCB
2178,North,T2109,Silver Lining Store,9999 8888 7777 6666,RuPay
2181,Island,T9876,Enchanted Elegance,1234 5678 9012 3456,Visa
2184,Rural,T4321,Silver Lining Store,9876 5432 1098 7654,Visa
2187,South,T8765,Enchanted Elegance,9876 5432 1098 7654,Maestro
2190,Rural,T6543,Rainbow Delights,1357 2468 3579 4680,Maestro
2193,East,T5678,Whispering Woods Wares,1357 2468 3579 4680,Maestro
2196,Urban,T7890,Starry Night Supplies,7777 8888 9999 0000,Mir
2199,Mountain,T2468,Moonlight Market,5555 4444 3333 2222,RuPay
2202,Island,T2109,Ocean Breeze Boutique,1357 2468 3579 4680,American Express
2205,West,T5678,Ocean Breeze Boutique,1234 5678 9012 3456,Discover
2208,Mountain,T2109,Silver Lining Store,1234 5678 9012 3456,Mastercard
2211,South,T6543,Mystic Meadows Merchants,1234 5678 9012 3456,Diners Club
2214,South,T2109,Golden Harvest Goods,7777 8888 9999 0000,UnionPay
2217,South,T4321,Silver Lining Store,9876 5432 1098 7654,RuPay
2220,Coastal,T9876,Ocean Breeze Boutique,1234 5678 9012 3456,Maestro
2223,East,T5678,Moonlight Market,5555 4444 3333 2222,American Express
2226,Rural,T2468,Moonlight Market,1234 5678 9012 3456,UnionPay
2229,Urban,T7890,Sunshine Emporium,7777 8888 9999 0000,Discover
2232,West,T1234,Golden Harvest Goods,1234 5678 9012 3456,Discover
2235,Island,T7890,Whispering Woods Wares,1111 2222 3333 4444,Mir
2238,South,T7890,Ocean Breeze Boutique,1357 2468 3579 4680,Mastercard
2241,South,T8765,Ocean Breeze Boutique,9876 5432 1098 7654,JCB
2244,North,T1234,Enchanted Elegance,1111 2222 3333 4444,Discover
2247,East,T1357,Silver Lining Store,9876 5432 1098 7654,UnionPay
2250,Central,T2468,Mystic Meadows Merchants,1357 2468 3579 4680,JCB
2253,North,T9876,Sunshine Emporium,2468 1357 8024 6913,Diners Club
2256,Coastal,T2109,Golden Harvest Goods,9876 5432 1098 7654,Mastercard
2259,South,T5678,Silver Lining Store,9876 5432 1098 7654,Discover
2262,Coastal,T6543,Ocean Breeze Boutique,1111 2222 3333 4444,Mastercard
2265,Island,T2109,Rainbow Delights,1357 2468 3579 4680,UnionPay
2268,Coastal,T8765,Sunshine Emporium,5555 4444 3333 2222,RuPay
2271,Urban,T7890,Starry Night Supplies,1234 5678 9012 3456,Maestro
2274,North,T2468,Silver Lining Store,1234 5678 9012 3456,Diners Club
2277,Urban,T8765,Whispering Woods Wares,1234 5678 9012 3456,JCB
2280,Island,T8765,Moonlight Market,9999 8888 7777 6666,Visa
2283,Urban,T5678,Silver Lining Store,7777 8888 9999 0000,Visa
2286,Rural,T2109,Mystic Meadows Merchants,1357 2468 3579 4680,UnionPay
2289,Rural,T5678,Whispering Woods Wares,9999 8888 7777 6666,Visa
2292,Island,T2468,Silver Lining Store,9876 5432 1098 7654,Diners Club
2295,Island,T4321,Rainbow Delights,9876 5432 1098 7654,Mastercard
2298,Urban,T5678,Ocean Breeze Boutique,1234 5678 9012 3456,RuPay
2301,East,T1234,Starry Night Supplies,1357 2468 3579 4680,Maestro
2304,North,T2468,Rainbow Delights,1357 2468 3579 4680,Mir
2307,Central,T8765,Starry Night Supplies,5555 4444 3333 2222,Discover
2310,East,T8765,Moonlight Market,1357 2468 3579 4680,Discover
2313,East,T7890,Silver Lining Store,9876 5432 1098 7654,UnionPay
2316,North,T7890,Mystic Meadows Merchants,1234 5678 9012 3456,RuPay
2319,Rural,T5678,Ocean Breeze Boutique,5555 4444 3333 2222,Discover
2322,Rural,T7890,Moonlight Market,7777 8888 9999 0000,Discover
2325,East,T6543,Ocean Breeze Boutique,9876 5432 1098 7654,American Express
2328,Coastal,T9876,Whispering Woods Wares,9999 8888 7777 6666,UnionPay
2331,Mountain,T9876,Silver Lining Store,2468 1357 8024 6913,JCB
2334,East,T1234,Starry Night Supplies,9876 5432 1098 7654,JCB
2337,Island,T4321,Moonlight Market,9876 5432 1098 7654,Mastercard
2340,West,T6543,Moonlight Market,5555 4444 3333 2222,Mastercard
2343,North,T4321,Golden Harvest Goods,1234 5678 9012 3456,Maestro
2346,Island,T1234,Ocean Breeze Boutique,1357 2468 3579 4680,American Express
2349,Rural,T8765,Rainbow Delights,9876 5432 1098 7654,JCB
2352,Island,T5678,Mystic Meadows Merchants,9876 5432 1098 7654,Mir
2355,Central,T7890,Ocean Breeze Boutique,1111 2222 3333 4444,JCB
2358,West,T1234,Enchanted Elegance,5555 4444 3333 2222,Maestro
2361,West,T1357,Silver Lining Store,1111 2222 3333 4444,American Express
2364,North,T2468,Starry Night Supplies,1234 5678 9012 3456,Maestro
2367,Island,T8765,Enchanted Elegance,5555 4444 3333 2222,Maestro
2370,Mountain,T2109,Rainbow Delights,1357 2468 3579 4680,RuPay
2373,Mountain,T2468,Rainbow Delights,9999 8888 7777 6666,Mastercard
2376,Urban,T2109,Sunshine Emporium,1234 5678 9012 3456,Diners Club
2379,Urban,T6543,Starry Night Supplies,1111 2222 3333 4444,JCB
2382,Coastal,T2468,Silver Lining Store,9999 8888 7777 6666,UnionPay
2385,Urban,T1234,Rainbow Delights,1111 2222 3333 4444,Mir
2388,Coastal,T7890,Whispering Woods Wares,1234 5678 9012 3456,UnionPay
2391,Mountain,T2109,Silver Lining Store,1234 5678 9012 3456,RuPay
2394,East,T2109,Sunshine Emporium,1357 2468 3579 4680,Diners Club
2397,Rural,T6543,Rainbow Delights,9999 8888 7777 6666,Visa
2400,Island,T7890,Starry Night Supplies,7777 8888 9999 0000,Discover
2403,Rural,T6543,Rainbow Delights,9876 5432 1098 7654,Diners Club
2406,Urban,T2468,Mystic Meadows Merchants,2468 1357 8024 6913,Discover
2409,East,T4321,Whispering Woods Wares,1234 5678 9012 3456,Diners Club
2412,Urban,T4321,Moonlight Market,1111 2222 3333 4444,Visa
2415,Island,T6543,Rainbow Delights,1234 5678 9012 3456,American Express
2418,Central,T1234,Starry Night Supplies,1357 2468 3579 4680,Mastercard
2421,Rural,T7890,Mystic Meadows Merchants,1234 5678 9012 3456,Mastercard
2424,Central,T1357,Sunshine Emporium,1111 2222 3333 4444,JCB
2427,Central,T6543,Starry Night Supplies,9876 5432 1098 7654,Visa
2430,Rural,T6543,Whispering Woods Wares,5555 4444 3333 2222,Mir
2433,East,T1234,Sunshine Emporium,9876 5432 1098 7654,Visa
2436,North,T2109,Whispering Woods Wares,1111 2222 3333 4444,UnionPay
2439,West,T6543,Silver Lining Store,9876 5432 1098 7654,Mir
2442,Island,T7890,Rainbow Delights,1357 2468 3579 4680,Discover
2445,North,T8765,Silver Lining Store,9999 8888 7777 6666,American Express
2448,Island,T1234,Silver Lining Store,1111 2222 3333 4444,Discover
2451,North,T4321,Sunshine Emporium,1357 2468 3579 4680,UnionPay
2454,Coastal,T1234,Moonlight Market,1234 5678 9012 3456,Visa
2457,Rural,T2109,Rainbow Delights,1234 5678 9012 3456,RuPay
2460,Urban,T1357,Ocean Breeze Boutique,9876 5432 1098 7654,Discover
2463,Mountain,T5678,Sunshine Emporium,7777 8888 9999 0000,Visa
2466,Central,T6543,Silver Lining Store,1111 2222 3333 4444,Mir
2469,Island,T8765,Sunshine Emporium,1234 5678 9012 3456,American Express
2472,North,T2468,Starry Night Supplies,9876 5432 1098 7654,Mir
2475,Rural,T2109,Mystic Meadows Merchants,9876 5432 1098 7654,RuPay
2478,Urban,T2109,Golden Harvest Goods,1234 5678 9012 3456,UnionPay
2481,Rural,T2468,Rainbow Delights,9876 5432 1098 7654,Maestro
2484,Rural,T6543,Mystic Meadows Merchants,1234 5678 9012 3456,Visa
2487,East,T2109,Rainbow Delights,1234 5678 9012 3456,RuPay
2490,West,T7890,Silver Lining Store,1111 2222 3333 4444,Diners Club
2493,South,T1357,Enchanted Elegance,5555 4444 3333 2222,Visa
2496,West,T1357,Moonlight Market,9876 5432 1098 7654,RuPay
2499,West,T1234,Ocean Breeze Boutique,2468 1357 8024 6913,RuPay
2502,Coastal,T4321,Enchanted Elegance,9999 8888 7777 6666,Maestro
2505,South,T5678,Mystic Meadows Merchants,1234 5678 9012 3456,JCB
2508,Central,T2468,Starry Night Supplies,9999 8888 7777 6666,JCB
2511,Rural,T2468,Moonlight Market,2468 1357 8024 6913,Diners Club
2514,Mountain,T1234,Moonlight Market,1234 5678 9012 3456,Visa
2517,Central,T4321,Sunshine Emporium,7777 8888 9999 0000,UnionPay
2520,West,T6543,Ocean Breeze Boutique,1234 5678 9012 3456,UnionPay
2523,Rural,T2109,Moonlight Market,2468 1357 8024 6913,Maestro
2526,North,T2109,Sunshine Emporium,9999 8888 7777 6666,Diners Club
2529,Urban,T2109,Moonlight Market,9876 5432 1098 7654,RuPay
2532,South,T1357,Ocean Breeze Boutique,2468 1357 8024 6913,Discover
2535,Rural,T7890,Rainbow Delights,1357 2468 3579 4680,Visa
2538,East,T2468,Whispering Woods Wares,1234 5678 9012 3456,Discover
2541,West,T1357,Starry Night Supplies,1357 2468 3579 4680,American Express
2544,Mountain,T4321,Rainbow Delights,1357 2468 3579 4680,RuPay
2547,Mountain,T4321,Golden Harvest Goods,2468 1357 8024 6913,Discover
2550,Rural,T6543,Rainbow Delights,1234 5678 9012 3456,American Express
2553,North,T7890,Mystic Meadows Merchants,9999 8888 7777 6666,American Express
2556,Mountain,T4321,Starry Night Supplies,1357 2468 3579 4680,Mir
2559,Mountain,T1357,Enchanted Elegance,7777 8888 9999 0000,Discover
2562,East,T1234,Mystic Meadows Merchants,9876 5432 1098 7654,Diners Club
2565,North,T1357,Moonlight Market,1357 2468 3579 4680,JCB
2568,Urban,T1357,Golden Harvest Goods,7777 8888 9999 0000,American Express
2571,Mountain,T4321,Enchanted Elegance,2468 1357 8024 6913,Mir
2574,Coastal,T6543,Mystic Meadows Merchants,1357 2468 3579 4680,Mir
2577,East,T4321,Enchanted Elegance,1357 2468 3579 4680,UnionPay
2580,Central,T7890,Moonlight Market,1234 5678 9012 3456,Maestro
2583,Central,T1357,Silver Lining Store,7777 8888 9999 0000,JCB
2586,Urban,T4321,Sunshine Emporium,1234 5678 9012 3456,UnionPay
2589,Central,T1234,Moonlight Market,9876 5432 1098 7654,Maestro
2592,Mountain,T2468,Sunshine Emporium,9876 5432 1098 7654,UnionPay
2595,Island,T1234,Whispering Woods Wares,2468 1357 8024 6913,Mir
2598,Central,T5678,Whispering Woods Wares,9876 5432 1098 7654,Maestro
2601,Island,T5678,Rainbow Delights,9876 5432 1098 7654,RuPay
2604,East,T2109,Sunshine Emporium,5555 4444 3333 2222,RuPay
2607,Central,T9876,Ocean Breeze Boutique,7777 8888 9999 0000,Visa
2610,Urban,T1357,Mystic Meadows Merchants,1234 5678 9012 3456,Mir
2613,Coastal,T5678,Mystic Meadows Merchants,1234 5678 9012 3456,Discover
2616,Central,T8765,Moonlight Market,1111 2222 3333 4444,Maestro
2619,Rural,T6543,Silver Lining Store,9876 5432 1098 7654,Mir
2622,Island,T5678,Rainbow Delights,9876 5432 1098 7654,Discover
2625,Urban,T1234,Enchanted Elegance,9999 8888 7777 6666,UnionPay
2628,West,T5678,Sunshine Emporium,1234 5678 9012 3456,American Express
2631,Urban,T2109,Starry Night Supplies,1357 2468 3579 4680,Diners Club
2634,East,T9876,Moonlight Market,2468 1357 8024 6913,Discover
2637,Mountain,T1357,Enchanted Elegance,1234 5678 9012 3456,Discover
2640,Mountain,T2109,Enchanted Elegance,9876 5432 1098 7654,UnionPay
2643,North,T6543,Moonlight Market,5555 4444 3333 2222,Discover
2646,East,T7890,Sunshine Emporium,7777 8888 9999 0000,Mastercard
2649,Island,T6543,Rainbow Delights,7777 8888 9999 0000,JCB
2652,West,T6543,Moonlight Market,9999 8888 7777 6666,Mir
2655,East,T2109,Whispering Woods Wares,1234 5678 9012 3456,Discover
2658,North,T7890,Golden Harvest Goods,9876 5432 1098 7654,Mir
2661,Urban,T7890,Moonlight Market,9999 8888 7777 6666,American Express
2664,Island,T1234,Starry Night Supplies,2468 1357 8024 6913,RuPay
2667,West,T6543,Starry Night Supplies,1234 5678 9012 3456,Mir
2670,Island,T7890,Enchanted Elegance,5555 4444 3333 2222,Visa
2673,West,T7890,Moonlight Market,2468 1357 8024 6913,UnionPay
2676,Island,T7890,Ocean Breeze Boutique,2468 1357 8024 6913,Diners Club
2679,Mountain,T2468,Moonlight Market,9876 5432 1098 7654,Mastercard
2682,East,T1234,Mystic Meadows Merchants,1234 5678 9012 3456,Diners Club
2685,Rural,T2468,Whispering Woods Wares,9999 8888 7777 6666,RuPay
2688,Mountain,T8765,Golden Harvest Goods,7777 8888 9999 0000,Mir
2691,South,T6543,Sunshine Emporium,1234 5678 9012 3456,JCB
2694,North,T5678,Sunshine Emporium,7777 8888 9999 0000,Mastercard
2697,Mountain,T2468,Silver Lining Store,2468 1357 8024 6913,Visa
2700,Mountain,T2468,Sunshine Emporium,1111 2222 3333 4444,RuPay
2703,Mountain,T1234,Whispering Woods Wares,2468 1357 8024 6913,Maestro
2706,Coastal,T6543,Whispering Woods Wares,2468 1357 8024 6913,Maestro
2709,East,T8765,Rainbow Delights,9999 8888 7777 6666,Discover
2712,West,T2109,Golden Harvest Goods,5555 4444 3333 2222,Mastercard
2715,Mountain,T5678,Sunshine Emporium,1234 5678 9012 3456,Mastercard
2718,Island,T2468,Whispering Woods Wares,5555 4444 3333 2222,Mir
2721,South,T6543,Mystic Meadows Merchants,7777 8888 9999 0000,Discover
2724,Rural,T6543,Whispering Woods Wares,5555 4444 3333 2222,RuPay
2727,Rural,T2109,Silver Lining Store,1234 5678 9012 3456,American Express
2730,Mountain,T9876,Moonlight Market,7777 8888 9999 0000,American Express
2733,Urban,T7890,Ocean Breeze Boutique,1357 2468 3579 4680,Diners Club
2736,Rural,T7890,Starry Night Supplies,2468 1357 8024 6913,JCB
2739,Rural,T8765,Mystic Meadows Merchants,9876 5432 1098 7654,Discover
2742,Rural,T6543,Whispering Woods Wares,9876 5432 1098 7654,Diners Club
2745,Mountain,T8765,Ocean Breeze Boutique,1111 2222 3333 4444,Mir
2748,Rural,T2468,Moonlight Market,9999 8888 7777 6666,UnionPay
2751,East,T2468,Rainbow Delights,9999 8888 7777 6666,American Express
2754,Island,T4321,Whispering Woods Wares,1357 2468 3579 4680,UnionPay
2757,Mountain,T8765,Golden Harvest Goods,1234 5678 9012 3456,Visa
2760,Rural,T6543,Mystic Meadows Merchants,5555 4444 3333 2222,Mastercard
2763,North,T5678,Enchanted Elegance,9999 8888 7777 6666,Discover
2766,Mountain,T5678,Starry Night Supplies,1234 5678 9012 3456,Discover
2769,Rural,T2468,Silver Lining Store,1111 2222 3333 4444,Maestro
2772,Rural,T5678,Rainbow Delights,7777 8888 9999 0000,Discover
2775,Island,T2109,Whispering Woods Wares,1234 5678 9012 3456,Mir
2778,East,T7890,Mystic Meadows Merchants,1234 5678 9012 3456,Discover
2781,Mountain,T1234,Golden Harvest Goods,1111 2222 3333 4444,American Express
2784,Coastal,T4321,Rainbow Delights,2468 1357 8024 6913,RuPay
2787,East,T1234,Mystic Meadows Merchants,9876 5432 1098 7654,RuPay
2790,North,T2468,Ocean Breeze Boutique,1111 2222 3333 4444,RuPay
2793,Island,T5678,Ocean Breeze Boutique,9999 8888 7777 6666,American Express
2796,West,T1234,Silver Lining Store,9876 5432 1098 7654,UnionPay
2799,West,T2109,Whispering Woods Wares,1357 2468 3579 4680,Diners Club
2802,East,T5678,Sunshine Emporium,7777 8888 9999 0000,Diners Club
2805,East,T8765,Starry Night Supplies,1111 2222 3333 4444,Mastercard
2808,East,T5678,Starry Night Supplies,1234 5678 9012 3456,Visa
2811,East,T7890,Whispering Woods Wares,2468 1357 8024 6913,Mastercard
2814,Island,T6543,Whispering Woods Wares,9999 8888 7777 6666,JCB
2817,North,T6543,Sunshine Emporium,1357 2468 3579 4680,Diners Club
2820,Mountain,T4321,Sunshine Emporium,1357 2468 3579 4680,American Express
2823,Urban,T8765,Ocean Breeze Boutique,9876 5432 1098 7654,Diners Club
2826,Rural,T4321,Starry Night Supplies,5555 4444 3333 2222,JCB
2829,Coastal,T6543,Whispering Woods Wares,1234 5678 9012 3456,Visa
2832,North,T2109,Moonlight Market,9999 8888 7777 6666,Mastercard
2835,East,T1357,Rainbow Delights,9876 5432 1098 7654,JCB
2838,South,T1357,Rainbow Delights,1234 5678 9012 3456,Discover
2841,West,T6543,Golden Harvest Goods,7777 8888 9999 0000,JCB
2844,North,T1357,Moonlight Market,1234 5678 9012 3456,Diners Club
2847,Urban,T1234,Golden Harvest Goods,5555 4444 3333 2222,Visa
2850,North,T9876,Starry Night Supplies,5555 4444 3333 2222,Diners Club
2853,South,T2109,Rainbow Delights,9876 5432 1098 7654,UnionPay
2856,Coastal,T2109,Sunshine Emporium,2468 1357 8024 6913,RuPay
2859,North,T5678,Whispering Woods Wares,1234 5678 9012 3456,Visa
2862,Coastal,T6543,Silver Lining Store,5555 4444 3333 2222,RuPay
2865,Rural,T5678,Moonlight Market,7777 8888 9999 0000,Diners Club
2868,Urban,T4321,Silver Lining Store,9876 5432 1098 7654,Discover
2871,Rural,T5678,Enchanted Elegance,1357 2468 3579 4680,Visa
2874,South,T9876,Whispering Woods Wares,7777 8888 9999 0000,JCB
2877,Island,T5678,Golden Harvest Goods,9876 5432 1098 7654,Mastercard
2880,Urban,T4321,Moonlight Market,9876 5432 1098 7654,Mir
2883,South,T2109,Starry Night Supplies,9999 8888 7777 6666,Visa
2886,Rural,T6543,Sunshine Emporium,7777 8888 9999 0000,Mir
2889,Coastal,T7890,Rainbow Delights,1111 2222 3333 4444,RuPay
2892,South,T2109,Silver Lining Store,2468 1357 8024 6913,Visa
2895,East,T1357,Sunshine Emporium,1111 2222 3333 4444,JCB
2898,Urban,T1357,Mystic Meadows Merchants,9876 5432 1098 7654,Diners Club
2901,Coastal,T1357,Ocean Breeze Boutique,7777 8888 9999 0000,UnionPay
2904,Coastal,T2109,Whispering Woods Wares,9999 8888 7777 6666,Maestro
2907,North,T7890,Golden Harvest Goods,1357 2468 3579 4680,Maestro
2910,Central,T8765,Whispering Woods Wares,1357 2468 3579 4680,Mir
2913,South,T8765,Whispering Woods Wares,2468 1357 8024 6913,JCB
2916,Urban,T5678,Rainbow Delights,1357 2468 3579 4680,American Express
2919,North,T2468,Whispering Woods Wares,7777 8888 9999 0000,Maestro
2922,Central,T1234,Ocean Breeze Boutique,9876 5432 1098 7654,Mastercard
2925,Mountain,T8765,Ocean Breeze Boutique,5555 4444 3333 2222,JCB
2928,East,T2109,Rainbow Delights,1234 5678 9012 3456,UnionPay
2931,Central,T7890,Whispering Woods Wares,9999 8888 7777 6666,RuPay
2934,North,T8765,Golden Harvest Goods,9999 8888 7777 6666,American Express
2937,South,T1357,Golden Harvest Goods,1357 2468 3579 4680,American Express
2940,East,T9876,Starry Night Supplies,1234 5678 9012 3456,JCB
2943,East,T1234,Enchanted Elegance,9999 8888 7777 6666,Maestro
2946,Rural,T9876,Rainbow Delights,1357 2468 3579 4680,Diners Club
2949,Island,T9876,Enchanted Elegance,1357 2468 3579 4680,Maestro
2952,South,T7890,Silver Lining Store,1111 2222 3333 4444,RuPay
2955,Coastal,T9876,Golden Harvest Goods,7777 8888 9999 0000,Maestro
2958,Urban,T1357,Golden Harvest Goods,9876 5432 1098 7654,Mir
2961,Rural,T5678,Whispering Woods Wares,7777 8888 9999 0000,Visa
2964,South,T7890,Sunshine Emporium,1234 5678 9012 3456,JCB
2967,North,T1234,Rainbow Delights,9876 5432 1098 7654,Maestro
2970,Island,T4321,Silver Lining Store,5555 4444 3333 2222,Visa
2973,West,T9876,Sunshine Emporium,1111 2222 3333 4444,Mir
2976,South,T7890,Mystic Meadows Merchants,1234 5678 9012 3456,Visa
2979,Mountain,T2468,Silver Lining Store,2468 1357 8024 6913,RuPay
2982,Mountain,T9876,Starry Night Supplies,9876 5432 1098 7654,Visa
2985,South,T8765,Golden Harvest Goods,1357 2468 3579 4680,Mastercard
2988,East,T6543,Ocean Breeze Boutique,5555 4444 3333 2222,American Express
2991,Urban,T5678,Rainbow Delights,1357 2468 3579 4680,American Express
2994,North,T6543,Whispering Woods Wares,2468 1357 8024 6913,American Express
2997,Rural,T7890,Ocean Breeze Boutique,1234 5678 9012 3456,Visa
3000,West,T1357,Ocean Breeze Boutique,9999 8888 7777 6666,RuPay
3003,North,T9876,Ocean Breeze Boutique,7777 8888 9999 0000,Visa
3006,Rural,T2468,Enchanted Elegance,2468 1357 8024 6913,Mastercard
3009,Mountain,T8765,Ocean Breeze Boutique,1234 5678 9012 3456,Maestro